Rank,Hand,Card1,Card2,Win_Rate,Lose_Rate,Tie_Rate,Wins,Losses,Ties,Total_Games
1,AA(pair),A♠,A♣,86.0333,13.3667,0.6000,2581,401,18,3000
2,AA(pair),A♥,A♦,85.9333,13.1667,0.9000,2578,395,27,3000
3,AA(pair),A♠,A♦,85.6000,13.9333,0.4667,2568,418,14,3000
4,AA(pair),A♦,A♣,85.3667,13.9667,0.6667,2561,419,20,3000
5,AA(pair),A♠,A♥,84.8667,14.6333,0.5000,2546,439,15,3000
6,AA(pair),A♥,A♣,83.9333,15.5000,0.5667,2518,465,17,3000
7,KK(pair),K♦,K♣,83.3333,16.3333,0.3333,2500,490,10,3000
8,KK(pair),K♠,K♣,83.0667,16.4667,0.4667,2492,494,14,3000
9,KK(pair),K♠,K♦,82.6333,16.6000,0.7667,2479,498,23,3000
10,KK(pair),K♥,K♣,82.0000,17.4333,0.5667,2460,523,17,3000
11,KK(pair),K♥,K♦,81.7000,17.6667,0.6333,2451,530,19,3000
12,KK(pair),K♠,K♥,81.6667,17.9333,0.4000,2450,538,12,3000
13,QQ(pair),Q♥,Q♦,80.2000,19.3000,0.5000,2406,579,15,3000
14,QQ(pair),Q♠,Q♦,79.9333,19.2667,0.8000,2398,578,24,3000
15,QQ(pair),Q♠,Q♣,79.6000,19.9333,0.4667,2388,598,14,3000
16,QQ(pair),Q♦,Q♣,79.4000,19.7333,0.8667,2382,592,26,3000
17,QQ(pair),Q♠,Q♥,79.3000,19.9667,0.7333,2379,599,22,3000
18,QQ(pair),Q♥,Q♣,79.1333,20.3000,0.5667,2374,609,17,3000
19,JJ(pair),J♥,J♦,78.1333,21.3333,0.5333,2344,640,16,3000
20,JJ(pair),J♦,J♣,77.8000,21.9000,0.3000,2334,657,9,3000
21,JJ(pair),J♠,J♣,77.1333,22.2333,0.6333,2314,667,19,3000
22,JJ(pair),J♠,J♥,76.4667,22.9000,0.6333,2294,687,19,3000
23,JJ(pair),J♥,J♣,75.9667,23.3667,0.6667,2279,701,20,3000
24,1010(pair),10♠,10♦,75.8000,23.5333,0.6667,2274,706,20,3000
25,JJ(pair),J♠,J♦,75.6333,23.7333,0.6333,2269,712,19,3000
26,1010(pair),10♥,10♣,75.5000,23.8333,0.6667,2265,715,20,3000
27,1010(pair),10♦,10♣,75.0000,24.2000,0.8000,2250,726,24,3000
28,1010(pair),10♥,10♦,74.7667,24.7333,0.5000,2243,742,15,3000
29,1010(pair),10♠,10♣,74.6667,24.6667,0.6667,2240,740,20,3000
30,1010(pair),10♠,10♥,74.0000,25.2000,0.8000,2220,756,24,3000
31,99(pair),9♠,9♦,71.9000,27.3000,0.8000,2157,819,24,3000
32,99(pair),9♥,9♦,71.6333,27.6333,0.7333,2149,829,22,3000
33,99(pair),9♠,9♣,71.2333,27.7000,1.0667,2137,831,32,3000
34,99(pair),9♥,9♣,71.0000,28.3333,0.6667,2130,850,20,3000
35,99(pair),9♠,9♥,70.9333,28.2333,0.8333,2128,847,25,3000
36,99(pair),9♦,9♣,70.0000,29.0667,0.9333,2100,872,28,3000
37,88(pair),8♠,8♦,69.6333,29.3000,1.0667,2089,879,32,3000
38,88(pair),8♦,8♣,69.4000,29.4667,1.1333,2082,884,34,3000
39,88(pair),8♥,8♦,69.2000,29.8000,1.0000,2076,894,30,3000
40,88(pair),8♥,8♣,69.0667,30.4000,0.5333,2072,912,16,3000
41,88(pair),8♠,8♥,68.8000,30.1333,1.0667,2064,904,32,3000
42,88(pair),8♠,8♣,68.4000,30.6000,1.0000,2052,918,30,3000
43,77(pair),7♦,7♣,67.9000,31.1333,0.9667,2037,934,29,3000
44,77(pair),7♥,7♣,66.9333,32.2000,0.8667,2008,966,26,3000
45,AKs,A♣,K♣,66.6667,31.4000,1.9333,2000,942,58,3000
46,AKo,A♠,K♦,66.3333,31.8667,1.8000,1990,956,54,3000
47,AKo,A♦,K♣,66.0667,32.8000,1.1333,1982,984,34,3000
48,77(pair),7♠,7♣,66.0333,32.9667,1.0000,1981,989,30,3000
49,AKs,A♦,K♦,65.9333,32.2667,1.8000,1978,968,54,3000
50,77(pair),7♠,7♦,65.7000,33.4000,0.9000,1971,1002,27,3000
51,AKs,A♠,K♠,65.6333,32.9333,1.4333,1969,988,43,3000
52,AQs,A♣,Q♣,65.4333,32.6000,1.9667,1963,978,59,3000
53,AQs,A♥,Q♥,65.2000,33.1667,1.6333,1956,995,49,3000
54,77(pair),7♥,7♦,65.2000,33.7000,1.1000,1956,1011,33,3000
55,AJs,A♦,J♦,65.2000,32.9000,1.9000,1956,987,57,3000
56,AKs,A♥,K♥,65.0333,33.0667,1.9000,1951,992,57,3000
57,AQs,A♠,Q♠,64.8667,33.0333,2.1000,1946,991,63,3000
58,AKo,A♥,K♣,64.6667,33.2000,2.1333,1940,996,64,3000
59,AJs,A♠,J♠,64.6333,33.3667,2.0000,1939,1001,60,3000
60,AKo,K♠,A♥,64.6000,33.5333,1.8667,1938,1006,56,3000
61,AQs,A♦,Q♦,64.4333,33.7667,1.8000,1933,1013,54,3000
62,AQo,Q♥,A♦,64.3000,33.4333,2.2667,1929,1003,68,3000
63,AJo,A♥,J♣,64.2333,33.4000,2.3667,1927,1002,71,3000
64,AQo,A♥,Q♣,64.1667,34.1333,1.7000,1925,1024,51,3000
65,AQo,A♠,Q♥,64.1333,34.1000,1.7667,1924,1023,53,3000
66,AJs,A♥,J♥,64.1333,33.5000,2.3667,1924,1005,71,3000
67,AQo,Q♦,A♣,64.1000,34.1667,1.7333,1923,1025,52,3000
68,KJs,J♣,K♣,64.1000,33.7667,2.1333,1923,1013,64,3000
69,AKo,A♠,K♣,64.0667,33.8333,2.1000,1922,1015,63,3000
70,AKo,K♠,A♣,64.0667,34.6333,1.3000,1922,1039,39,3000
71,AKo,A♠,K♥,64.0333,34.4333,1.5333,1921,1033,46,3000
72,AJo,A♥,J♦,63.9333,33.8333,2.2333,1918,1015,67,3000
73,AKo,A♥,K♦,63.9000,34.0667,2.0333,1917,1022,61,3000
74,AKo,K♦,A♣,63.9000,34.4333,1.6667,1917,1033,50,3000
75,AQo,A♠,Q♦,63.8000,34.7667,1.4333,1914,1043,43,3000
76,AKo,K♥,A♦,63.7333,34.5000,1.7667,1912,1035,53,3000
77,AQo,Q♠,A♣,63.6667,34.3333,2.0000,1910,1030,60,3000
78,77(pair),7♠,7♥,63.6333,35.2667,1.1000,1909,1058,33,3000
79,AQo,A♦,Q♣,63.5667,34.8667,1.5667,1907,1046,47,3000
80,KQs,Q♦,K♦,63.5667,34.8000,1.6333,1907,1044,49,3000
81,AQo,A♥,Q♦,63.4667,34.9333,1.6000,1904,1048,48,3000
82,66(pair),6♠,6♥,63.4000,35.3333,1.2667,1902,1060,38,3000
83,AQo,Q♠,A♥,63.3333,34.9333,1.7333,1900,1048,52,3000
84,AKo,K♠,A♦,63.3000,35.1667,1.5333,1899,1055,46,3000
85,66(pair),6♥,6♦,63.3000,35.6333,1.0667,1899,1069,32,3000
86,AJo,A♠,J♥,63.2667,34.9333,1.8000,1898,1048,54,3000
87,AQo,Q♠,A♦,63.2000,34.9000,1.9000,1896,1047,57,3000
88,66(pair),6♠,6♦,63.1667,36.0333,0.8000,1895,1081,24,3000
89,AJs,A♣,J♣,63.1667,34.0333,2.8000,1895,1021,84,3000
90,A10s,A♠,10♠,63.0000,34.8333,2.1667,1890,1045,65,3000
91,AQo,A♠,Q♣,62.9667,35.5000,1.5333,1889,1065,46,3000
92,A10s,A♣,10♣,62.9667,34.3333,2.7000,1889,1030,81,3000
93,AJo,A♠,J♣,62.9333,35.4333,1.6333,1888,1063,49,3000
94,KQs,Q♥,K♥,62.9333,35.4000,1.6667,1888,1062,50,3000
95,AKo,K♥,A♣,62.9333,35.0667,2.0000,1888,1052,60,3000
96,A10s,A♥,10♥,62.8333,35.2667,1.9000,1885,1058,57,3000
97,A10o,A♦,10♣,62.7333,34.9667,2.3000,1882,1049,69,3000
98,66(pair),6♠,6♣,62.6333,36.1000,1.2667,1879,1083,38,3000
99,AQo,Q♥,A♣,62.6333,35.2667,2.1000,1879,1058,63,3000
100,A10o,10♠,A♣,62.5333,35.1667,2.3000,1876,1055,69,3000
101,AJo,J♠,A♣,62.4333,35.5000,2.0667,1873,1065,62,3000
102,A10s,A♦,10♦,62.3667,35.2333,2.4000,1871,1057,72,3000
103,A10o,A♠,10♦,62.2333,35.7333,2.0333,1867,1072,61,3000
104,A10o,A♥,10♣,62.2000,35.5667,2.2333,1866,1067,67,3000
105,KQs,Q♠,K♠,62.1667,35.6667,2.1667,1865,1070,65,3000
106,AJo,J♥,A♦,62.1667,35.5667,2.2667,1865,1067,68,3000
107,KJs,J♦,K♦,62.1000,35.7667,2.1333,1863,1073,64,3000
108,K10s,10♠,K♠,62.0333,35.7333,2.2333,1861,1072,67,3000
109,AJo,J♠,A♥,61.9667,35.8667,2.1667,1859,1076,65,3000
110,A10o,A♠,10♥,61.9333,35.9667,2.1000,1858,1079,63,3000
111,KQs,Q♣,K♣,61.9000,36.0000,2.1000,1857,1080,63,3000
112,AJo,A♠,J♦,61.8000,36.1667,2.0333,1854,1085,61,3000
113,A9s,A♥,9♥,61.7667,35.9333,2.3000,1853,1078,69,3000
114,AJo,J♥,A♣,61.7000,36.0333,2.2667,1851,1081,68,3000
115,KJs,J♥,K♥,61.6333,36.7667,1.6000,1849,1103,48,3000
116,KQo,Q♠,K♣,61.6000,36.0667,2.3333,1848,1082,70,3000
117,AJo,J♠,A♦,61.5667,36.9667,1.4667,1847,1109,44,3000
118,A10o,10♥,A♦,61.5333,36.6000,1.8667,1846,1098,56,3000
119,AJo,A♦,J♣,61.5333,36.4333,2.0333,1846,1093,61,3000
120,A8s,A♦,8♦,61.4000,35.5333,3.0667,1842,1066,92,3000
121,A9s,A♦,9♦,61.4000,36.0333,2.5667,1842,1081,77,3000
122,A9s,A♠,9♠,61.3333,36.0667,2.6000,1840,1082,78,3000
123,55(pair),5♠,5♥,61.3333,37.2667,1.4000,1840,1118,42,3000
124,66(pair),6♦,6♣,61.3333,37.5000,1.1667,1840,1125,35,3000
125,A10o,A♥,10♦,61.3000,36.4000,2.3000,1839,1092,69,3000
126,A10o,10♥,A♣,61.3000,36.5000,2.2000,1839,1095,66,3000
127,A10o,10♠,A♦,61.1333,36.5000,2.3667,1834,1095,71,3000
128,KQo,K♠,Q♣,61.1000,36.6333,2.2667,1833,1099,68,3000
129,A10o,10♠,A♥,60.9333,36.7333,2.3333,1828,1102,70,3000
130,A10o,10♦,A♣,60.9333,36.4000,2.6667,1828,1092,80,3000
131,AJo,J♦,A♣,60.9333,37.1000,1.9667,1828,1113,59,3000
132,A9o,A♠,9♥,60.9000,36.4000,2.7000,1827,1092,81,3000
133,A10o,A♠,10♣,60.8000,36.8667,2.3333,1824,1106,70,3000
134,A8s,A♣,8♣,60.8000,35.9667,3.2333,1824,1079,97,3000
135,KQo,K♥,Q♣,60.7667,37.3667,1.8667,1823,1121,56,3000
136,KJo,J♥,K♣,60.7000,37.1000,2.2000,1821,1113,66,3000
137,KQo,Q♥,K♣,60.7000,37.3000,2.0000,1821,1119,60,3000
138,KQo,K♠,Q♦,60.5333,37.8667,1.6000,1816,1136,48,3000
139,KJs,J♠,K♠,60.5000,37.2000,2.3000,1815,1116,69,3000
140,A8s,A♥,8♥,60.5000,36.6333,2.8667,1815,1099,86,3000
141,K10s,10♦,K♦,60.5000,37.4333,2.0667,1815,1123,62,3000
142,66(pair),6♥,6♣,60.4667,38.2667,1.2667,1814,1148,38,3000
143,KQo,Q♠,K♥,60.4000,37.6667,1.9333,1812,1130,58,3000
144,KQo,Q♥,K♦,60.3667,37.9333,1.7000,1811,1138,51,3000
145,A9s,A♣,9♣,60.3333,36.8667,2.8000,1810,1106,84,3000
146,K10s,10♣,K♣,60.3333,37.2000,2.4667,1810,1116,74,3000
147,A9o,9♠,A♦,60.2667,36.9667,2.7667,1808,1109,83,3000
148,KJo,J♠,K♦,60.2333,37.5333,2.2333,1807,1126,67,3000
149,A9o,9♥,A♣,60.2000,37.3333,2.4667,1806,1120,74,3000
150,A9o,A♥,9♦,60.1667,38.1000,1.7333,1805,1143,52,3000
151,K10s,10♥,K♥,60.1000,37.8333,2.0667,1803,1135,62,3000
152,K10o,10♠,K♣,60.0667,37.0333,2.9000,1802,1111,87,3000
153,55(pair),5♥,5♦,60.0667,38.5333,1.4000,1802,1156,42,3000
154,KQo,Q♦,K♣,60.0000,38.4667,1.5333,1800,1154,46,3000
155,A9o,A♠,9♣,59.9667,37.2667,2.7667,1799,1118,83,3000
156,K9s,9♦,K♦,59.9333,37.5333,2.5333,1798,1126,76,3000
157,A9o,A♥,9♣,59.9000,38.0667,2.0333,1797,1142,61,3000
158,KQo,K♠,Q♥,59.8000,38.2667,1.9333,1794,1148,58,3000
159,A7s,A♣,7♣,59.7667,37.0000,3.2333,1793,1110,97,3000
160,55(pair),5♠,5♣,59.7333,38.7667,1.5000,1792,1163,45,3000
161,A8s,A♠,8♠,59.7000,37.7667,2.5333,1791,1133,76,3000
162,A6s,A♦,6♦,59.6333,36.6000,3.7667,1789,1098,113,3000
163,A9o,9♠,A♥,59.5667,37.7667,2.6667,1787,1133,80,3000
164,KJo,J♥,K♦,59.5000,38.2667,2.2333,1785,1148,67,3000
165,KJo,K♠,J♥,59.4000,38.4333,2.1667,1782,1153,65,3000
166,A7s,A♥,7♥,59.4000,37.6333,2.9667,1782,1129,89,3000
167,A7s,A♠,7♠,59.3000,37.2333,3.4667,1779,1117,104,3000
168,A6s,A♥,6♥,59.3000,37.5000,3.2000,1779,1125,96,3000
169,KJo,K♥,J♣,59.2667,38.6000,2.1333,1778,1158,64,3000
170,KJo,K♦,J♣,59.2667,38.6000,2.1333,1778,1158,64,3000
171,55(pair),5♠,5♦,59.1667,39.8333,1.0000,1775,1195,30,3000
172,K10o,10♦,K♣,59.1667,37.8667,2.9667,1775,1136,89,3000
173,A5s,A♥,5♥,59.1333,37.1000,3.7667,1774,1113,113,3000
174,QJs,J♦,Q♦,59.1333,38.6667,2.2000,1774,1160,66,3000
175,KJo,J♠,K♥,59.0333,38.6000,2.3667,1771,1158,71,3000
176,K10o,K♦,10♣,59.0333,37.7667,3.2000,1771,1133,96,3000
177,Q10s,10♦,Q♦,59.0000,38.4667,2.5333,1770,1154,76,3000
178,A9o,A♦,9♣,58.9667,38.6000,2.4333,1769,1158,73,3000
179,A9o,9♦,A♣,58.9667,38.8000,2.2333,1769,1164,67,3000
180,K9s,9♠,K♠,58.9333,38.7000,2.3667,1768,1161,71,3000
181,QJs,J♠,Q♠,58.9333,38.8333,2.2333,1768,1165,67,3000
182,K9s,9♥,K♥,58.9333,38.0667,3.0000,1768,1142,90,3000
183,KJo,K♥,J♦,58.9333,38.3667,2.7000,1768,1151,81,3000
184,KQo,K♦,Q♣,58.9333,38.6333,2.4333,1768,1159,73,3000
185,A8o,A♠,8♦,58.8667,38.1667,2.9667,1766,1145,89,3000
186,A9o,9♥,A♦,58.8667,38.8667,2.2667,1766,1166,68,3000
187,KQo,K♥,Q♦,58.7667,39.3667,1.8667,1763,1181,56,3000
188,K10o,10♠,K♥,58.7333,38.8667,2.4000,1762,1166,72,3000
189,55(pair),5♥,5♣,58.7333,39.8333,1.4333,1762,1195,43,3000
190,A9o,A♠,9♦,58.7000,38.3333,2.9667,1761,1150,89,3000
191,A5s,A♣,5♣,58.6667,37.6000,3.7333,1760,1128,112,3000
192,A8o,8♠,A♥,58.6333,38.6667,2.7000,1759,1160,81,3000
193,K10o,10♥,K♣,58.6333,38.9667,2.4000,1759,1169,72,3000
194,K9s,9♣,K♣,58.6333,38.7333,2.6333,1759,1162,79,3000
195,A8o,8♦,A♣,58.5667,37.9667,3.4667,1757,1139,104,3000
196,K10o,K♥,10♣,58.5000,39.3000,2.2000,1755,1179,66,3000
197,KJo,J♦,K♣,58.5000,39.4667,2.0333,1755,1184,61,3000
198,A6s,A♠,6♠,58.4667,38.4333,3.1000,1754,1153,93,3000
199,A8o,8♥,A♣,58.4667,38.0667,3.4667,1754,1142,104,3000
200,A8o,A♥,8♣,58.4333,38.3667,3.2000,1753,1151,96,3000
201,A7o,A♠,7♥,58.4000,38.0333,3.5667,1752,1141,107,3000
202,QJs,J♣,Q♣,58.4000,39.3000,2.3000,1752,1179,69,3000
203,QJo,Q♥,J♣,58.3667,39.1667,2.4667,1751,1175,74,3000
204,A8o,A♠,8♣,58.3333,38.8333,2.8333,1750,1165,85,3000
205,K10o,K♠,10♦,58.2333,39.2667,2.5000,1747,1178,75,3000
206,A7s,A♦,7♦,58.2333,37.9000,3.8667,1747,1137,116,3000
207,KJo,J♠,K♣,58.2000,39.1000,2.7000,1746,1173,81,3000
208,KQo,Q♠,K♦,58.0667,39.7000,2.2333,1742,1191,67,3000
209,K10o,K♠,10♣,58.0667,39.2667,2.6667,1742,1178,80,3000
210,A8o,A♠,8♥,58.0333,38.8667,3.1000,1741,1166,93,3000
211,QJs,J♥,Q♥,58.0333,39.2000,2.7667,1741,1176,83,3000
212,KJo,K♠,J♣,58.0000,40.0667,1.9333,1740,1202,58,3000
213,A7o,7♠,A♣,57.9667,39.1000,2.9333,1739,1173,88,3000
214,KJo,K♠,J♦,57.9667,39.4000,2.6333,1739,1182,79,3000
215,A8o,8♥,A♦,57.9667,38.9000,3.1333,1739,1167,94,3000
216,A7o,A♥,7♣,57.8667,39.1000,3.0333,1736,1173,91,3000
217,K10o,10♠,K♦,57.8333,39.6000,2.5667,1735,1188,77,3000
218,K10o,K♠,10♥,57.8000,39.6333,2.5667,1734,1189,77,3000
219,K8s,8♥,K♥,57.8000,39.3667,2.8333,1734,1181,85,3000
220,K9o,9♥,K♦,57.7667,39.3000,2.9333,1733,1179,88,3000
221,A7o,7♠,A♦,57.7333,39.2000,3.0667,1732,1176,92,3000
222,44(pair),4♦,4♣,57.7000,40.7000,1.6000,1731,1221,48,3000
223,QJo,Q♠,J♦,57.6667,40.2667,2.0667,1730,1208,62,3000
224,44(pair),4♥,4♣,57.6333,41.1000,1.2667,1729,1233,38,3000
225,K10o,K♥,10♦,57.6333,39.3333,3.0333,1729,1180,91,3000
226,K8s,8♦,K♦,57.6333,39.5000,2.8667,1729,1185,86,3000
227,A5s,A♠,5♠,57.6000,38.4667,3.9333,1728,1154,118,3000
228,A9o,9♠,A♣,57.6000,39.6333,2.7667,1728,1189,83,3000
229,K9o,K♥,9♣,57.6000,39.1000,3.3000,1728,1173,99,3000
230,55(pair),5♦,5♣,57.6000,41.1667,1.2333,1728,1235,37,3000
231,A4s,A♣,4♣,57.5667,39.0333,3.4000,1727,1171,102,3000
232,A3s,A♠,3♠,57.5000,38.8333,3.6667,1725,1165,110,3000
233,44(pair),4♠,4♣,57.5000,41.1000,1.4000,1725,1233,42,3000
234,A8o,8♠,A♦,57.5000,38.7667,3.7333,1725,1163,112,3000
235,Q10s,10♥,Q♥,57.5000,39.7333,2.7667,1725,1192,83,3000
236,44(pair),4♠,4♦,57.4333,41.2667,1.3000,1723,1238,39,3000
237,A8o,8♠,A♣,57.3667,39.6667,2.9667,1721,1190,89,3000
238,A6o,A♦,6♣,57.3667,39.3667,3.2667,1721,1181,98,3000
239,A8o,A♦,8♣,57.3667,39.4000,3.2333,1721,1182,97,3000
240,K7s,7♦,K♦,57.3667,40.0000,2.6333,1721,1200,79,3000
241,A7o,A♠,7♣,57.3333,39.2333,3.4333,1720,1177,103,3000
242,K9o,K♠,9♦,57.3000,39.5667,3.1333,1719,1187,94,3000
243,Q10o,Q♠,10♥,57.2333,40.4667,2.3000,1717,1214,69,3000
244,QJo,J♠,Q♦,57.2000,40.7000,2.1000,1716,1221,63,3000
245,A7o,7♥,A♣,57.2000,39.4333,3.3667,1716,1183,101,3000
246,K10o,10♥,K♦,57.2000,40.1000,2.7000,1716,1203,81,3000
247,Q10o,10♥,Q♣,57.1667,40.0667,2.7667,1715,1202,83,3000
248,A7o,A♠,7♦,57.1333,39.8000,3.0667,1714,1194,92,3000
249,A3s,A♥,3♥,57.1333,39.3667,3.5000,1714,1181,105,3000
250,A6o,A♥,6♣,57.1333,39.1000,3.7667,1714,1173,113,3000
251,A6o,A♠,6♥,57.1000,39.2333,3.6667,1713,1177,110,3000
252,A7o,7♠,A♥,57.1000,39.5000,3.4000,1713,1185,102,3000
253,A8o,A♥,8♦,57.1000,39.5000,3.4000,1713,1185,102,3000
254,K9o,K♠,9♣,57.0333,39.9000,3.0667,1711,1197,92,3000
255,A4s,A♥,4♥,57.0333,38.9333,4.0333,1711,1168,121,3000
256,44(pair),4♥,4♦,57.0333,41.5000,1.4667,1711,1245,44,3000
257,A7o,A♦,7♣,57.0333,39.2333,3.7333,1711,1177,112,3000
258,QJo,J♠,Q♣,57.0000,40.6000,2.4000,1710,1218,72,3000
259,A6o,6♥,A♦,57.0000,38.9667,4.0333,1710,1169,121,3000
260,A5s,A♦,5♦,57.0000,39.3000,3.7000,1710,1179,111,3000
261,J10s,10♥,J♥,56.9667,40.5667,2.4667,1709,1217,74,3000
262,K9o,K♦,9♣,56.9667,40.4667,2.5667,1709,1214,77,3000
263,QJo,J♠,Q♥,56.8667,40.8333,2.3000,1706,1225,69,3000
264,Q10o,10♦,Q♣,56.8667,40.7667,2.3667,1706,1223,71,3000
265,K7s,7♥,K♥,56.8333,39.8000,3.3667,1705,1194,101,3000
266,K9o,K♠,9♥,56.7333,40.0667,3.2000,1702,1202,96,3000
267,Q10o,10♠,Q♣,56.7000,40.5000,2.8000,1701,1215,84,3000
268,Q10o,Q♥,10♦,56.6333,41.0667,2.3000,1699,1232,69,3000
269,A5o,5♠,A♥,56.6000,39.3333,4.0667,1698,1180,122,3000
270,Q10s,10♠,Q♠,56.6000,40.6000,2.8000,1698,1218,84,3000
271,K9o,9♦,K♣,56.5667,40.7667,2.6667,1697,1223,80,3000
272,Q10s,10♣,Q♣,56.5667,40.3333,3.1000,1697,1210,93,3000
273,A4s,A♠,4♠,56.5333,40.0333,3.4333,1696,1201,103,3000
274,Q10o,10♠,Q♥,56.5333,41.3000,2.1667,1696,1239,65,3000
275,K9o,9♥,K♣,56.5333,40.8333,2.6333,1696,1225,79,3000
276,A6o,6♦,A♣,56.5333,39.8000,3.6667,1696,1194,110,3000
277,K8o,8♥,K♦,56.5000,40.5000,3.0000,1695,1215,90,3000
278,Q8s,8♦,Q♦,56.5000,40.5667,2.9333,1695,1217,88,3000
279,A2s,A♣,2♣,56.5000,39.3333,4.1667,1695,1180,125,3000
280,J10s,10♠,J♠,56.4667,40.7667,2.7667,1694,1223,83,3000
281,QJo,J♦,Q♣,56.4333,41.5333,2.0333,1693,1246,61,3000
282,A5o,5♥,A♦,56.3667,39.8667,3.7667,1691,1196,113,3000
283,A7o,7♥,A♦,56.3333,39.9333,3.7333,1690,1198,112,3000
284,Q10o,10♠,Q♦,56.3000,40.8667,2.8333,1689,1226,85,3000
285,Q10o,10♥,Q♦,56.3000,41.9333,1.7667,1689,1258,53,3000
286,QJo,J♥,Q♦,56.3000,41.4000,2.3000,1689,1242,69,3000
287,QJo,Q♥,J♦,56.3000,41.2333,2.4667,1689,1237,74,3000
288,J10s,10♦,J♦,56.3000,40.7333,2.9667,1689,1222,89,3000
289,K7s,7♠,K♠,56.1667,40.8667,2.9667,1685,1226,89,3000
290,K9o,K♥,9♦,56.1667,41.1333,2.7000,1685,1234,81,3000
291,A6o,A♠,6♦,56.1333,40.4333,3.4333,1684,1213,103,3000
292,QJo,Q♠,J♣,56.1000,41.6000,2.3000,1683,1248,69,3000
293,A6o,6♠,A♥,56.0667,40.4667,3.4667,1682,1214,104,3000
294,Q10o,Q♠,10♦,56.0667,41.0667,2.8667,1682,1232,86,3000
295,A7o,7♦,A♣,56.0667,40.2333,3.7000,1682,1207,111,3000
296,Q9s,9♣,Q♣,56.0667,40.9000,3.0333,1682,1227,91,3000
297,QJo,Q♠,J♥,56.0333,41.7667,2.2000,1681,1253,66,3000
298,QJo,J♥,Q♣,56.0333,41.6000,2.3667,1681,1248,71,3000
299,A5o,A♠,5♦,56.0000,40.5000,3.5000,1680,1215,105,3000
300,A4o,4♠,A♣,56.0000,40.3333,3.6667,1680,1210,110,3000
301,A5o,A♥,5♣,56.0000,40.2000,3.8000,1680,1206,114,3000
302,K8s,8♣,K♣,56.0000,40.5667,3.4333,1680,1217,103,3000
303,J10s,10♣,J♣,56.0000,41.1667,2.8333,1680,1235,85,3000
304,A2s,A♠,2♠,55.9333,40.3333,3.7333,1678,1210,112,3000
305,A5o,5♠,A♦,55.9000,40.5000,3.6000,1677,1215,108,3000
306,J10o,10♠,J♥,55.9000,41.6667,2.4333,1677,1250,73,3000
307,44(pair),4♠,4♥,55.8667,42.4667,1.6667,1676,1274,50,3000
308,Q9o,9♠,Q♦,55.8667,41.3333,2.8000,1676,1240,84,3000
309,K9o,9♠,K♦,55.8667,40.9000,3.2333,1676,1227,97,3000
310,Q9s,9♥,Q♥,55.8667,40.9667,3.1667,1676,1229,95,3000
311,A3s,A♦,3♦,55.8667,40.5333,3.6000,1676,1216,108,3000
312,Q9s,9♠,Q♠,55.8333,41.3667,2.8000,1675,1241,84,3000
313,A7o,A♥,7♦,55.8000,41.1333,3.0667,1674,1234,92,3000
314,A4o,4♠,A♦,55.7667,39.9000,4.3333,1673,1197,130,3000
315,A5o,A♥,5♦,55.7333,39.9000,4.3667,1672,1197,131,3000
316,Q10o,Q♥,10♣,55.7333,41.5667,2.7000,1672,1247,81,3000
317,QJo,Q♦,J♣,55.7333,42.0667,2.2000,1672,1262,66,3000
318,A5o,A♠,5♣,55.7000,40.7000,3.6000,1671,1221,108,3000
319,K8s,8♠,K♠,55.6667,41.1667,3.1667,1670,1235,95,3000
320,Q9s,9♦,Q♦,55.6667,41.1667,3.1667,1670,1235,95,3000
321,A6s,A♣,6♣,55.6333,40.6000,3.7667,1669,1218,113,3000
322,Q10o,Q♦,10♣,55.5667,41.3333,3.1000,1667,1240,93,3000
323,A5o,5♥,A♣,55.5333,40.4667,4.0000,1666,1214,120,3000
324,A5o,A♦,5♣,55.5333,41.0000,3.4667,1666,1230,104,3000
325,A6o,6♠,A♦,55.5000,40.8667,3.6333,1665,1226,109,3000
326,Q10o,Q♠,10♣,55.4667,41.6000,2.9333,1664,1248,88,3000
327,A4o,4♥,A♦,55.4333,40.5667,4.0000,1663,1217,120,3000
328,A4o,4♠,A♥,55.4000,40.6000,4.0000,1662,1218,120,3000
329,K6s,6♣,K♣,55.3333,40.8667,3.8000,1660,1226,114,3000
330,A4o,A♠,4♣,55.2667,40.8333,3.9000,1658,1225,117,3000
331,K6s,6♥,K♥,55.2667,41.0000,3.7333,1658,1230,112,3000
332,A4s,A♦,4♦,55.2667,40.4667,4.2667,1658,1214,128,3000
333,A4o,4♦,A♣,55.2667,41.0667,3.6667,1658,1232,110,3000
334,A6o,6♥,A♣,55.2000,40.8000,4.0000,1656,1224,120,3000
335,A4o,A♦,4♣,55.1667,40.1333,4.7000,1655,1204,141,3000
336,Q8s,8♠,Q♠,55.0667,41.5000,3.4333,1652,1245,103,3000
337,A4o,A♥,4♦,55.0333,41.4000,3.5667,1651,1242,107,3000
338,K8o,K♥,8♦,55.0333,42.2667,2.7000,1651,1268,81,3000
339,Q9o,9♥,Q♣,55.0000,42.0333,2.9667,1650,1261,89,3000
340,J9s,9♦,J♦,55.0000,42.1333,2.8667,1650,1264,86,3000
341,A6o,A♠,6♣,54.9667,41.0667,3.9667,1649,1232,119,3000
342,K9o,9♠,K♣,54.9667,42.1333,2.9000,1649,1264,87,3000
343,A3s,A♣,3♣,54.9333,40.7667,4.3000,1648,1223,129,3000
344,A6o,A♥,6♦,54.9000,40.8000,4.3000,1647,1224,129,3000
345,A4o,4♥,A♣,54.9000,41.6000,3.5000,1647,1248,105,3000
346,J10o,10♥,J♣,54.8667,42.5000,2.6333,1646,1275,79,3000
347,A4o,A♠,4♥,54.7667,41.4000,3.8333,1643,1242,115,3000
348,K5s,5♥,K♥,54.7333,40.7333,4.5333,1642,1222,136,3000
349,A5o,5♠,A♣,54.7000,41.2333,4.0667,1641,1237,122,3000
350,A3o,A♠,3♥,54.6667,41.9333,3.4000,1640,1258,102,3000
351,Q9o,9♠,Q♣,54.6667,43.1000,2.2333,1640,1293,67,3000
352,K8o,K♠,8♦,54.6667,42.0667,3.2667,1640,1262,98,3000
353,K7o,7♥,K♦,54.6333,41.8667,3.5000,1639,1256,105,3000
354,K7o,K♥,7♣,54.6333,41.8333,3.5333,1639,1255,106,3000
355,K5s,5♣,K♣,54.6333,41.2667,4.1000,1639,1238,123,3000
356,J10o,J♠,10♣,54.6000,42.6333,2.7667,1638,1279,83,3000
357,A3o,3♥,A♦,54.6000,41.2333,4.1667,1638,1237,125,3000
358,A2s,A♦,2♦,54.6000,42.4333,2.9667,1638,1273,89,3000
359,J9s,9♣,J♣,54.6000,42.0000,3.4000,1638,1260,102,3000
360,K5s,5♠,K♠,54.5000,41.2667,4.2333,1635,1238,127,3000
361,J10o,J♠,10♥,54.4333,43.0000,2.5667,1633,1290,77,3000
362,K6s,6♠,K♠,54.4000,42.2000,3.4000,1632,1266,102,3000
363,K7s,7♣,K♣,54.4000,41.6667,3.9333,1632,1250,118,3000
364,A5o,5♦,A♣,54.3667,41.7333,3.9000,1631,1252,117,3000
365,A3o,3♠,A♦,54.3333,41.2667,4.4000,1630,1238,132,3000
366,A2s,A♥,2♥,54.3333,41.9333,3.7333,1630,1258,112,3000
367,J10o,10♥,J♦,54.3333,42.8000,2.8667,1630,1284,86,3000
368,K7o,7♥,K♣,54.3000,42.1000,3.6000,1629,1263,108,3000
369,Q9o,9♠,Q♥,54.2667,42.0333,3.7000,1628,1261,111,3000
370,A3o,3♦,A♣,54.2667,41.5333,4.2000,1628,1246,126,3000
371,K8o,8♠,K♣,54.2333,42.2333,3.5333,1627,1267,106,3000
372,K7o,K♥,7♦,54.2000,42.2333,3.5667,1626,1267,107,3000
373,A3o,A♠,3♣,54.1333,42.3667,3.5000,1624,1271,105,3000
374,A3o,3♠,A♥,54.1333,41.1000,4.7667,1624,1233,143,3000
375,K7o,7♦,K♣,54.1333,42.4333,3.4333,1624,1273,103,3000
376,Q8o,Q♦,8♣,54.1333,42.5667,3.3000,1624,1277,99,3000
377,K8o,K♦,8♣,54.1333,42.6667,3.2000,1624,1280,96,3000
378,A5o,A♠,5♥,54.1000,42.2333,3.6667,1623,1267,110,3000
379,A3o,3♠,A♣,54.1000,42.1000,3.8000,1623,1263,114,3000
380,A4o,A♥,4♣,54.1000,41.9333,3.9667,1623,1258,119,3000
381,J10o,J♦,10♣,54.1000,42.5667,3.3333,1623,1277,100,3000
382,A3o,A♥,3♣,54.0667,42.2000,3.7333,1622,1266,112,3000
383,Q9o,Q♦,9♣,54.0667,42.9333,3.0000,1622,1288,90,3000
384,K7o,K♠,7♣,54.0333,42.0667,3.9000,1621,1262,117,3000
385,K8o,K♥,8♣,54.0333,42.6667,3.3000,1621,1280,99,3000
386,K8o,8♠,K♦,54.0000,42.8333,3.1667,1620,1285,95,3000
387,J10o,10♠,J♦,54.0000,43.1000,2.9000,1620,1293,87,3000
388,J10o,J♥,10♣,54.0000,43.3333,2.6667,1620,1300,80,3000
389,A3o,A♠,3♦,53.9667,42.0667,3.9667,1619,1262,119,3000
390,J8s,8♥,J♥,53.9667,42.9000,3.1333,1619,1287,94,3000
391,J10o,10♦,J♣,53.9667,43.4333,2.6000,1619,1303,78,3000
392,J8s,8♣,J♣,53.9667,42.7667,3.2667,1619,1283,98,3000
393,A3o,3♥,A♣,53.9000,41.8333,4.2667,1617,1255,128,3000
394,A4o,A♠,4♦,53.8667,41.7333,4.4000,1616,1252,132,3000
395,K8o,K♠,8♥,53.8333,43.5667,2.6000,1615,1307,78,3000
396,Q8o,Q♥,8♦,53.8333,42.9667,3.2000,1615,1289,96,3000
397,Q6s,6♠,Q♠,53.7333,42.5667,3.7000,1612,1277,111,3000
398,K8o,8♥,K♣,53.7333,42.6333,3.6333,1612,1279,109,3000
399,K6s,6♦,K♦,53.7333,43.0333,3.2333,1612,1291,97,3000
400,K9o,9♠,K♥,53.7000,43.4667,2.8333,1611,1304,85,3000
401,K4s,4♥,K♥,53.7000,41.9000,4.4000,1611,1257,132,3000
402,K8o,8♦,K♣,53.7000,43.3667,2.9333,1611,1301,88,3000
403,J9o,J♠,9♦,53.6667,42.7333,3.6000,1610,1282,108,3000
404,Q9o,Q♠,9♣,53.6667,42.5000,3.8333,1610,1275,115,3000
405,K5s,5♦,K♦,53.6667,42.3000,4.0333,1610,1269,121,3000
406,A2o,A♥,2♣,53.6000,42.5333,3.8667,1608,1276,116,3000
407,Q9o,Q♠,9♥,53.5667,43.7333,2.7000,1607,1312,81,3000
408,K8o,K♠,8♣,53.5333,43.5667,2.9000,1606,1307,87,3000
409,A2o,A♥,2♦,53.5000,42.7667,3.7333,1605,1283,112,3000
410,J10o,J♠,10♦,53.4667,43.2667,3.2667,1604,1298,98,3000
411,109s,9♦,10♦,53.4667,42.3667,4.1667,1604,1271,125,3000
412,J9s,9♠,J♠,53.4333,43.5667,3.0000,1603,1307,90,3000
413,Q8s,8♥,Q♥,53.4333,43.5667,3.0000,1603,1307,90,3000
414,Q9o,9♦,Q♣,53.3667,43.3000,3.3333,1601,1299,100,3000
415,J10o,10♠,J♣,53.3333,43.9667,2.7000,1600,1319,81,3000
416,A6o,6♠,A♣,53.3000,43.1667,3.5333,1599,1295,106,3000
417,K8o,8♠,K♥,53.3000,42.8333,3.8667,1599,1285,116,3000
418,K7o,7♠,K♣,53.2667,42.5333,4.2000,1598,1276,126,3000
419,A3o,A♦,3♣,53.2667,42.6333,4.1000,1598,1279,123,3000
420,K7o,K♠,7♦,53.2000,43.5667,3.2333,1596,1307,97,3000
421,A3o,A♥,3♦,53.2000,42.0333,4.7667,1596,1261,143,3000
422,A2o,2♠,A♥,53.1667,43.1000,3.7333,1595,1293,112,3000
423,K4s,4♠,K♠,53.1667,42.5667,4.2667,1595,1277,128,3000
424,K3s,3♣,K♣,53.1667,43.3667,3.4667,1595,1301,104,3000
425,J10o,J♥,10♦,53.1333,43.9333,2.9333,1594,1318,88,3000
426,K6o,K♥,6♣,53.1333,43.1333,3.7333,1594,1294,112,3000
427,33(pair),3♦,3♣,53.1000,45.2667,1.6333,1593,1358,49,3000
428,A2o,2♠,A♦,53.0667,43.1000,3.8333,1592,1293,115,3000
429,J9o,9♥,J♦,53.0667,44.0667,2.8667,1592,1322,86,3000
430,A2o,A♠,2♣,53.0333,43.2333,3.7333,1591,1297,112,3000
431,Q9o,9♥,Q♦,53.0000,43.5667,3.4333,1590,1307,103,3000
432,K4s,4♦,K♦,52.9667,42.7667,4.2667,1589,1283,128,3000
433,Q8s,8♣,Q♣,52.9667,43.7000,3.3333,1589,1311,100,3000
434,Q5s,5♠,Q♠,52.9000,42.9667,4.1333,1587,1289,124,3000
435,K6o,6♠,K♥,52.9000,43.3333,3.7667,1587,1300,113,3000
436,Q7s,7♠,Q♠,52.8667,43.3667,3.7667,1586,1301,113,3000
437,Q9o,Q♥,9♦,52.8667,44.3333,2.8000,1586,1330,84,3000
438,K4s,4♣,K♣,52.8667,43.1667,3.9667,1586,1295,119,3000
439,K6o,K♠,6♦,52.8333,43.1667,4.0000,1585,1295,120,3000
440,109s,9♣,10♣,52.8333,43.8000,3.3667,1585,1314,101,3000
441,A2o,2♦,A♣,52.8000,43.2667,3.9333,1584,1298,118,3000
442,K6o,6♥,K♦,52.7667,43.4667,3.7667,1583,1304,113,3000
443,109s,9♠,10♠,52.7333,44.2000,3.0667,1582,1326,92,3000
444,Q8o,Q♠,8♥,52.7333,44.1667,3.1000,1582,1325,93,3000
445,33(pair),3♠,3♣,52.7000,45.6333,1.6667,1581,1369,50,3000
446,33(pair),3♥,3♣,52.7000,45.5667,1.7333,1581,1367,52,3000
447,A2o,A♠,2♥,52.6667,43.2333,4.1000,1580,1297,123,3000
448,Q7s,7♥,Q♥,52.6667,43.9667,3.3667,1580,1319,101,3000
449,J8s,8♠,J♠,52.6333,43.5333,3.8333,1579,1306,115,3000
450,K6o,6♦,K♣,52.6333,42.8000,4.5667,1579,1284,137,3000
451,K7o,7♠,K♥,52.5667,44.6667,2.7667,1577,1340,83,3000
452,K7o,7♠,K♦,52.5667,43.7000,3.7333,1577,1311,112,3000
453,A2o,A♦,2♣,52.5667,43.3667,4.0667,1577,1301,122,3000
454,K7o,K♠,7♥,52.5333,43.9667,3.5000,1576,1319,105,3000
455,Q7s,7♦,Q♦,52.5333,44.3000,3.1667,1576,1329,95,3000
456,J9s,9♥,J♥,52.5000,44.3333,3.1667,1575,1330,95,3000
457,J9o,J♥,9♦,52.4667,43.7333,3.8000,1574,1312,114,3000
458,K7o,K♦,7♣,52.4667,44.1667,3.3667,1574,1325,101,3000
459,Q6s,6♣,Q♣,52.4667,43.7000,3.8333,1574,1311,115,3000
460,Q9o,Q♥,9♣,52.4333,44.4667,3.1000,1573,1334,93,3000
461,K3s,3♦,K♦,52.4333,43.5000,4.0667,1573,1305,122,3000
462,J9o,J♦,9♣,52.4333,44.5333,3.0333,1573,1336,91,3000
463,Q9o,Q♠,9♦,52.4000,44.8333,2.7667,1572,1345,83,3000
464,A2o,2♥,A♣,52.4000,44.3000,3.3000,1572,1329,99,3000
465,K4o,4♠,K♥,52.3333,42.9667,4.7000,1570,1289,141,3000
466,Q8o,8♠,Q♣,52.3333,43.4000,4.2667,1570,1302,128,3000
467,Q8o,8♥,Q♣,52.3000,44.4667,3.2333,1569,1334,97,3000
468,K2s,2♦,K♦,52.3000,44.1000,3.6000,1569,1323,108,3000
469,J9o,9♦,J♣,52.3000,44.9000,2.8000,1569,1347,84,3000
470,K5o,5♠,K♥,52.2667,43.7333,4.0000,1568,1312,120,3000
471,Q8o,Q♠,8♣,52.2667,44.8667,2.8667,1568,1346,86,3000
472,33(pair),3♥,3♦,52.2667,46.4000,1.3333,1568,1392,40,3000
473,109s,9♥,10♥,52.2667,44.3667,3.3667,1568,1331,101,3000
474,A2o,2♥,A♦,52.2333,44.2000,3.5667,1567,1326,107,3000
475,K3s,3♥,K♥,52.2333,43.7333,4.0333,1567,1312,121,3000
476,A2o,2♠,A♣,52.2000,43.5000,4.3000,1566,1305,129,3000
477,K6o,K♠,6♥,52.1667,43.9000,3.9333,1565,1317,118,3000
478,33(pair),3♠,3♦,52.1333,46.1667,1.7000,1564,1385,51,3000
479,K6o,K♠,6♣,52.1333,44.4000,3.4667,1564,1332,104,3000
480,Q6s,6♦,Q♦,52.1000,44.4000,3.5000,1563,1332,105,3000
481,Q8o,8♠,Q♥,52.0000,44.8333,3.1667,1560,1345,95,3000
482,Q7s,7♣,Q♣,51.9667,44.1667,3.8667,1559,1325,116,3000
483,J9o,9♠,J♥,51.8667,44.7667,3.3667,1556,1343,101,3000
484,J9o,J♠,9♣,51.7333,44.7000,3.5667,1552,1341,107,3000
485,K5o,5♦,K♣,51.7333,44.1333,4.1333,1552,1324,124,3000
486,K2s,2♥,K♥,51.7000,44.5667,3.7333,1551,1337,112,3000
487,Q8o,Q♠,8♦,51.6333,44.9000,3.4667,1549,1347,104,3000
488,Q6s,6♥,Q♥,51.6000,44.3667,4.0333,1548,1331,121,3000
489,33(pair),3♠,3♥,51.5667,46.8667,1.5667,1547,1406,47,3000
490,K6o,6♠,K♦,51.5333,45.0000,3.4667,1546,1350,104,3000
491,K5o,K♠,5♥,51.5333,44.0000,4.4667,1546,1320,134,3000
492,K4o,4♦,K♣,51.5000,44.5667,3.9333,1545,1337,118,3000
493,K2s,2♠,K♠,51.4667,44.2333,4.3000,1544,1327,129,3000
494,Q8o,8♠,Q♦,51.4000,45.6667,2.9333,1542,1370,88,3000
495,K5o,K♠,5♣,51.4000,45.2000,3.4000,1542,1356,102,3000
496,K6o,K♦,6♣,51.4000,44.4667,4.1333,1542,1334,124,3000
497,J9o,J♥,9♣,51.3667,45.3333,3.3000,1541,1360,99,3000
498,K6o,K♥,6♦,51.3667,45.0000,3.6333,1541,1350,109,3000
499,Q7o,7♠,Q♥,51.3333,45.5000,3.1667,1540,1365,95,3000
500,J9o,9♥,J♣,51.3333,45.2667,3.4000,1540,1358,102,3000
501,K3s,3♠,K♠,51.2000,44.4667,4.3333,1536,1334,130,3000
502,Q8o,8♥,Q♦,51.1667,45.7333,3.1000,1535,1372,93,3000
503,109o,9♥,10♣,51.1667,44.9333,3.9000,1535,1348,117,3000
504,J8s,8♦,J♦,51.1667,45.5667,3.2667,1535,1367,98,3000
505,A2o,A♠,2♦,51.1333,44.3333,4.5333,1534,1330,136,3000
506,K5o,K♥,5♦,51.1000,44.1000,4.8000,1533,1323,144,3000
507,J7s,7♣,J♣,51.1000,45.6333,3.2667,1533,1369,98,3000
508,K3o,3♠,K♣,51.0667,44.1333,4.8000,1532,1324,144,3000
509,Q5s,5♣,Q♣,51.0333,45.4333,3.5333,1531,1363,106,3000
510,J9o,9♠,J♣,51.0000,45.6333,3.3667,1530,1369,101,3000
511,Q8o,Q♥,8♣,51.0000,45.3333,3.6667,1530,1360,110,3000
512,Q8o,8♦,Q♣,51.0000,45.3667,3.6333,1530,1361,109,3000
513,K4o,K♠,4♦,50.9667,45.1000,3.9333,1529,1353,118,3000
514,K5o,K♦,5♣,50.9667,44.8000,4.2333,1529,1344,127,3000
515,K6o,6♠,K♣,50.9333,45.1333,3.9333,1528,1354,118,3000
516,109o,10♠,9♦,50.9333,45.7333,3.3333,1528,1372,100,3000
517,K5o,5♥,K♣,50.9333,45.4333,3.6333,1528,1363,109,3000
518,J9o,9♠,J♦,50.8667,46.0333,3.1000,1526,1381,93,3000
519,J7s,7♦,J♦,50.8667,45.4667,3.6667,1526,1364,110,3000
520,K5o,5♠,K♣,50.8000,45.4333,3.7667,1524,1363,113,3000
521,108s,8♥,10♥,50.8000,45.7667,3.4333,1524,1373,103,3000
522,Q7o,7♦,Q♣,50.8000,45.6667,3.5333,1524,1370,106,3000
523,K2s,2♣,K♣,50.8000,45.5000,3.7000,1524,1365,111,3000
524,K5o,K♠,5♦,50.7333,45.0000,4.2667,1522,1350,128,3000
525,Q6o,Q♠,6♥,50.7000,45.0667,4.2333,1521,1352,127,3000
526,Q5s,5♥,Q♥,50.7000,45.3333,3.9667,1521,1360,119,3000
527,108s,8♠,10♠,50.6667,45.8000,3.5333,1520,1374,106,3000
528,J8o,8♠,J♥,50.6667,45.6000,3.7333,1520,1368,112,3000
529,K4o,K♠,4♣,50.6667,45.6667,3.6667,1520,1370,110,3000
530,K4o,4♠,K♦,50.6000,45.2000,4.2000,1518,1356,126,3000
531,K6o,6♥,K♣,50.6000,45.7667,3.6333,1518,1373,109,3000
532,J7s,7♥,J♥,50.6000,46.1000,3.3000,1518,1383,99,3000
533,108s,8♦,10♦,50.5667,45.0333,4.4000,1517,1351,132,3000
534,J9o,J♠,9♥,50.5333,46.3000,3.1667,1516,1389,95,3000
535,K5o,5♥,K♦,50.5000,45.3667,4.1333,1515,1361,124,3000
536,107s,7♥,10♥,50.4333,45.3000,4.2667,1513,1359,128,3000
537,J8o,8♥,J♦,50.4333,46.0333,3.5333,1513,1381,106,3000
538,Q7o,Q♠,7♥,50.4000,46.4667,3.1333,1512,1394,94,3000
539,K3o,K♦,3♣,50.4000,45.8667,3.7333,1512,1376,112,3000
540,109o,9♥,10♦,50.3000,46.8000,2.9000,1509,1404,87,3000
541,109o,10♥,9♣,50.3000,46.4667,3.2333,1509,1394,97,3000
542,K4o,K♦,4♣,50.2667,45.2000,4.5333,1508,1356,136,3000
543,Q4s,4♣,Q♣,50.2667,45.3667,4.3667,1508,1361,131,3000
544,K5o,K♥,5♣,50.1667,45.8000,4.0333,1505,1374,121,3000
545,Q4s,4♠,Q♠,50.1333,46.3000,3.5667,1504,1389,107,3000
546,J8o,J♠,8♣,50.1333,47.1333,2.7333,1504,1414,82,3000
547,22(pair),2♥,2♣,50.1333,48.1333,1.7333,1504,1444,52,3000
548,Q7o,7♠,Q♣,50.1000,46.1000,3.8000,1503,1383,114,3000
549,Q7o,7♠,Q♦,50.0667,46.7667,3.1667,1502,1403,95,3000
550,Q4s,4♦,Q♦,50.0667,46.3000,3.6333,1502,1389,109,3000
551,K4o,K♠,4♥,49.9667,45.7667,4.2667,1499,1373,128,3000
552,Q3s,3♠,Q♠,49.9333,46.3333,3.7333,1498,1390,112,3000
553,K5o,5♠,K♦,49.9333,45.8667,4.2000,1498,1376,126,3000
554,K3o,3♥,K♣,49.9333,45.8333,4.2333,1498,1375,127,3000
555,K4o,4♥,K♦,49.8667,45.7000,4.4333,1496,1371,133,3000
556,109o,10♥,9♦,49.8667,46.6667,3.4667,1496,1400,104,3000
557,J8o,J♦,8♣,49.8333,46.7333,3.4333,1495,1402,103,3000
558,Q6o,6♠,Q♣,49.8000,46.1000,4.1000,1494,1383,123,3000
559,K2o,K♦,2♣,49.8000,46.8000,3.4000,1494,1404,102,3000
560,Q2s,2♠,Q♠,49.7667,46.3000,3.9333,1493,1389,118,3000
561,J8o,8♠,J♦,49.7667,47.0000,3.2333,1493,1410,97,3000
562,J8o,8♦,J♣,49.7333,47.1000,3.1667,1492,1413,95,3000
563,Q6o,6♠,Q♦,49.7000,45.9000,4.4000,1491,1377,132,3000
564,Q6o,Q♥,6♣,49.7000,46.3000,4.0000,1491,1389,120,3000
565,Q7o,Q♥,7♣,49.7000,46.3333,3.9667,1491,1390,119,3000
566,107s,7♣,10♣,49.6667,47.1333,3.2000,1490,1414,96,3000
567,K2o,2♠,K♦,49.6333,46.7667,3.6000,1489,1403,108,3000
568,K3o,3♦,K♣,49.6000,46.6667,3.7333,1488,1400,112,3000
569,K3o,3♥,K♦,49.5667,46.3667,4.0667,1487,1391,122,3000
570,Q5s,5♦,Q♦,49.5667,46.3667,4.0667,1487,1391,122,3000
571,108s,8♣,10♣,49.5667,46.5333,3.9000,1487,1396,117,3000
572,22(pair),2♠,2♣,49.5333,48.6333,1.8333,1486,1459,55,3000
573,Q3s,3♥,Q♥,49.5333,46.3000,4.1667,1486,1389,125,3000
574,K4o,K♥,4♣,49.5333,46.5333,3.9333,1486,1396,118,3000
575,Q5o,Q♠,5♥,49.5000,46.9667,3.5333,1485,1409,106,3000
576,109o,9♠,10♦,49.4333,47.0000,3.5667,1483,1410,107,3000
577,K4o,4♥,K♣,49.4333,47.0333,3.5333,1483,1411,106,3000
578,22(pair),2♦,2♣,49.4333,48.3333,2.2333,1483,1450,67,3000
579,J8o,J♠,8♦,49.3333,47.0000,3.6667,1480,1410,110,3000
580,22(pair),2♠,2♥,49.3000,48.6667,2.0333,1479,1460,61,3000
581,K3o,K♠,3♣,49.3000,47.0000,3.7000,1479,1410,111,3000
582,Q7o,Q♠,7♣,49.2667,46.6667,4.0667,1478,1400,122,3000
583,K4o,K♥,4♦,49.2667,46.9000,3.8333,1478,1407,115,3000
584,Q4s,4♥,Q♥,49.2333,47.0667,3.7000,1477,1412,111,3000
585,Q4o,4♦,Q♣,49.2000,47.0667,3.7333,1476,1412,112,3000
586,J8o,8♠,J♣,49.1667,48.1000,2.7333,1475,1443,82,3000
587,Q7o,7♥,Q♦,49.1667,46.7333,4.1000,1475,1402,123,3000
588,K3o,K♥,3♣,49.1667,47.0667,3.7667,1475,1412,113,3000
589,Q5o,Q♠,5♦,49.1333,46.1667,4.7000,1474,1385,141,3000
590,109o,9♠,10♥,49.0667,47.2000,3.7333,1472,1416,112,3000
591,K3o,K♥,3♦,49.0667,46.3333,4.6000,1472,1390,138,3000
592,Q6o,6♦,Q♣,49.0667,47.0667,3.8667,1472,1412,116,3000
593,K2o,K♠,2♦,49.0333,47.4667,3.5000,1471,1424,105,3000
594,Q6o,Q♥,6♦,49.0000,46.6000,4.4000,1470,1398,132,3000
595,109o,10♠,9♥,48.9667,47.9333,3.1000,1469,1438,93,3000
596,109o,9♦,10♣,48.9667,47.3667,3.6667,1469,1421,110,3000
597,106s,6♣,10♣,48.9667,46.6667,4.3667,1469,1400,131,3000
598,K4o,4♠,K♣,48.9333,46.5667,4.5000,1468,1397,135,3000
599,109o,9♠,10♣,48.9333,47.1333,3.9333,1468,1414,118,3000
600,109o,10♠,9♣,48.9333,48.0000,3.0667,1468,1440,92,3000
601,J8o,J♠,8♥,48.9000,47.7333,3.3667,1467,1432,101,3000
602,108o,8♥,10♦,48.9000,47.6333,3.4667,1467,1429,104,3000
603,Q2s,2♦,Q♦,48.9000,47.2333,3.8667,1467,1417,116,3000
604,Q6o,Q♠,6♣,48.8667,46.8333,4.3000,1466,1405,129,3000
605,J6s,6♥,J♥,48.8667,46.2667,4.8667,1466,1388,146,3000
606,K2o,K♠,2♥,48.7667,46.9000,4.3333,1463,1407,130,3000
607,K3o,K♠,3♥,48.7667,47.0000,4.2333,1463,1410,127,3000
608,K2o,2♥,K♦,48.7667,47.6667,3.5667,1463,1430,107,3000
609,J8o,J♥,8♦,48.7667,47.5000,3.7333,1463,1425,112,3000
610,Q7o,Q♥,7♦,48.7667,47.9000,3.3333,1463,1437,100,3000
611,22(pair),2♠,2♦,48.7333,49.2667,2.0000,1462,1478,60,3000
612,Q4o,4♥,Q♣,48.7333,47.4333,3.8333,1462,1423,115,3000
613,Q6o,6♥,Q♣,48.7333,47.3667,3.9000,1462,1421,117,3000
614,Q7o,Q♦,7♣,48.7333,47.4333,3.8333,1462,1423,115,3000
615,K2o,K♥,2♣,48.7000,47.5667,3.7333,1461,1427,112,3000
616,107s,7♠,10♠,48.6667,47.6667,3.6667,1460,1430,110,3000
617,Q6o,Q♠,6♦,48.6667,47.3667,3.9667,1460,1421,119,3000
618,J7o,J♦,7♣,48.6667,47.5333,3.8000,1460,1426,114,3000
619,J6s,6♣,J♣,48.6667,47.3333,4.0000,1460,1420,120,3000
620,K2o,2♠,K♥,48.6333,47.4667,3.9000,1459,1424,117,3000
621,J7s,7♠,J♠,48.6333,47.4667,3.9000,1459,1424,117,3000
622,108o,8♠,10♥,48.6333,47.3667,4.0000,1459,1421,120,3000
623,J6s,6♠,J♠,48.5667,47.5000,3.9333,1457,1425,118,3000
624,108o,10♠,8♦,48.5667,47.9667,3.4667,1457,1439,104,3000
625,109o,10♦,9♣,48.5667,48.1333,3.3000,1457,1444,99,3000
626,Q3s,3♣,Q♣,48.5667,47.0333,4.4000,1457,1411,132,3000
627,J8o,J♥,8♣,48.5333,47.7000,3.7667,1456,1431,113,3000
628,98s,8♣,9♣,48.5333,47.7000,3.7667,1456,1431,113,3000
629,J7o,7♠,J♣,48.4667,47.2667,4.2667,1454,1418,128,3000
630,Q4o,4♠,Q♦,48.4333,47.1667,4.4000,1453,1415,132,3000
631,Q2s,2♥,Q♥,48.4333,47.1667,4.4000,1453,1415,132,3000
632,J5s,5♦,J♦,48.4333,47.4667,4.1000,1453,1424,123,3000
633,108o,10♠,8♥,48.4000,47.9667,3.6333,1452,1439,109,3000
634,Q5o,Q♦,5♣,48.4000,47.5000,4.1000,1452,1425,123,3000
635,K3o,3♠,K♥,48.3667,46.9333,4.7000,1451,1408,141,3000
636,Q7o,7♥,Q♣,48.3667,47.5333,4.1000,1451,1426,123,3000
637,Q4o,Q♥,4♣,48.3667,47.4000,4.2333,1451,1422,127,3000
638,107s,7♦,10♦,48.3333,47.5333,4.1333,1450,1426,124,3000
639,K3o,3♠,K♦,48.3000,47.5667,4.1333,1449,1427,124,3000
640,Q7o,Q♠,7♦,48.3000,47.9333,3.7667,1449,1438,113,3000
641,22(pair),2♥,2♦,48.3000,49.8333,1.8667,1449,1495,56,3000
642,K2o,2♥,K♣,48.3000,47.7000,4.0000,1449,1431,120,3000
643,Q3s,3♦,Q♦,48.2333,47.6000,4.1667,1447,1428,125,3000
644,J6o,J♠,6♣,48.2000,48.2667,3.5333,1446,1448,106,3000
645,Q2s,2♣,Q♣,48.2000,47.1333,4.6667,1446,1414,140,3000
646,J7o,J♠,7♥,48.1667,48.1000,3.7333,1445,1443,112,3000
647,J5s,5♥,J♥,48.1333,47.7000,4.1667,1444,1431,125,3000
648,108o,8♠,10♣,48.1000,47.8000,4.1000,1443,1434,123,3000
649,Q5o,5♥,Q♦,48.1000,47.4000,4.5000,1443,1422,135,3000
650,108o,8♥,10♣,48.1000,48.7667,3.1333,1443,1463,94,3000
651,108o,10♥,8♣,48.1000,48.1667,3.7333,1443,1445,112,3000
652,Q4o,Q♠,4♦,48.0000,47.8333,4.1667,1440,1435,125,3000
653,J7o,J♥,7♣,48.0000,48.3000,3.7000,1440,1449,111,3000
654,Q6o,Q♦,6♣,48.0000,48.3333,3.6667,1440,1450,110,3000
655,Q2o,Q♥,2♣,47.9667,48.0667,3.9667,1439,1442,119,3000
656,K2o,K♠,2♣,47.9333,47.5333,4.5333,1438,1426,136,3000
657,K2o,K♥,2♦,47.9333,47.7000,4.3667,1438,1431,131,3000
658,Q6o,6♠,Q♥,47.9000,48.2000,3.9000,1437,1446,117,3000
659,108o,10♠,8♣,47.8667,47.2333,4.9000,1436,1417,147,3000
660,J3s,3♦,J♦,47.8667,48.2333,3.9000,1436,1447,117,3000
661,Q4o,4♠,Q♥,47.8333,47.7333,4.4333,1435,1432,133,3000
662,J7o,7♠,J♦,47.8333,49.1333,3.0333,1435,1474,91,3000
663,98s,8♠,9♠,47.8333,48.3667,3.8000,1435,1451,114,3000
664,J8o,8♥,J♣,47.8333,48.6667,3.5000,1435,1460,105,3000
665,Q3o,Q♠,3♣,47.8000,47.5000,4.7000,1434,1425,141,3000
666,Q5o,5♥,Q♣,47.7667,47.4000,4.8333,1433,1422,145,3000
667,97s,7♠,9♠,47.7333,48.2333,4.0333,1432,1447,121,3000
668,Q5o,Q♠,5♣,47.7333,47.9000,4.3667,1432,1437,131,3000
669,Q6o,6♥,Q♦,47.6333,48.3333,4.0333,1429,1450,121,3000
670,108o,8♦,10♣,47.6333,48.7333,3.6333,1429,1462,109,3000
671,J6o,J♠,6♦,47.6000,48.1333,4.2667,1428,1444,128,3000
672,Q3o,3♥,Q♦,47.6000,48.2667,4.1333,1428,1448,124,3000
673,98s,8♥,9♥,47.6000,49.1333,3.2667,1428,1474,98,3000
674,K3o,K♠,3♦,47.5333,48.5000,3.9667,1426,1455,119,3000
675,J6o,6♠,J♥,47.5000,47.8000,4.7000,1425,1434,141,3000
676,J7o,J♥,7♦,47.5000,48.9000,3.6000,1425,1467,108,3000
677,J7o,7♦,J♣,47.4667,48.5333,4.0000,1424,1456,120,3000
678,J7o,7♥,J♣,47.4333,48.8000,3.7667,1423,1464,113,3000
679,J5s,5♣,J♣,47.4333,48.2667,4.3000,1423,1448,129,3000
680,J4s,4♠,J♠,47.4000,48.0667,4.5333,1422,1442,136,3000
681,Q5o,5♠,Q♦,47.4000,47.9667,4.6333,1422,1439,139,3000
682,98o,9♠,8♥,47.4000,48.2000,4.4000,1422,1446,132,3000
683,106s,6♦,10♦,47.4000,48.2000,4.4000,1422,1446,132,3000
684,J6o,6♠,J♦,47.3667,48.9333,3.7000,1421,1468,111,3000
685,J7o,7♠,J♥,47.3333,48.6667,4.0000,1420,1460,120,3000
686,J4s,4♥,J♥,47.3333,48.1667,4.5000,1420,1445,135,3000
687,108o,10♥,8♦,47.3333,49.0000,3.6667,1420,1470,110,3000
688,Q5o,5♦,Q♣,47.3333,47.9333,4.7333,1420,1438,142,3000
689,97s,7♣,9♣,47.3333,47.8333,4.8333,1420,1435,145,3000
690,107o,10♥,7♦,47.3000,48.3333,4.3667,1419,1450,131,3000
691,Q4o,Q♦,4♣,47.2667,48.2333,4.5000,1418,1447,135,3000
692,Q5o,Q♥,5♦,47.2333,48.2333,4.5333,1417,1447,136,3000
693,J7o,J♠,7♦,47.2000,48.3000,4.5000,1416,1449,135,3000
694,Q5o,5♠,Q♥,47.1333,49.0333,3.8333,1414,1471,115,3000
695,Q3o,Q♠,3♥,47.1333,47.9000,4.9667,1414,1437,149,3000
696,97s,7♦,9♦,47.1333,49.0667,3.8000,1414,1472,114,3000
697,98o,8♠,9♥,47.1000,48.5000,4.4000,1413,1455,132,3000
698,98s,8♦,9♦,47.1000,49.2333,3.6667,1413,1477,110,3000
699,J3s,3♠,J♠,47.0667,48.9000,4.0333,1412,1467,121,3000
700,J6s,6♦,J♦,47.0667,48.7667,4.1667,1412,1463,125,3000
701,108o,8♠,10♦,47.0333,48.8000,4.1667,1411,1464,125,3000
702,J7o,J♠,7♣,47.0000,48.4667,4.5333,1410,1454,136,3000
703,Q4o,Q♥,4♦,47.0000,48.4333,4.5667,1410,1453,137,3000
704,J4s,4♣,J♣,46.9667,48.7000,4.3333,1409,1461,130,3000
705,Q5o,5♠,Q♣,46.8333,48.4000,4.7667,1405,1452,143,3000
706,J6o,6♥,J♦,46.8333,49.1333,4.0333,1405,1474,121,3000
707,97s,7♥,9♥,46.8333,49.4000,3.7667,1405,1482,113,3000
708,K2o,2♠,K♣,46.8000,49.1000,4.1000,1404,1473,123,3000
709,98o,9♠,8♣,46.7667,49.2333,4.0000,1403,1477,120,3000
710,98o,9♥,8♦,46.7333,49.6667,3.6000,1402,1490,108,3000
711,Q3o,3♦,Q♣,46.7000,48.9667,4.3333,1401,1469,130,3000
712,Q3o,3♠,Q♥,46.6667,48.9000,4.4333,1400,1467,133,3000
713,Q4o,4♠,Q♣,46.6667,49.0667,4.2667,1400,1472,128,3000
714,J5s,5♠,J♠,46.6667,49.0667,4.2667,1400,1472,128,3000
715,106s,6♥,10♥,46.6667,49.2000,4.1333,1400,1476,124,3000
716,Q3o,Q♦,3♣,46.6667,48.7667,4.5667,1400,1463,137,3000
717,K2o,2♦,K♣,46.6333,49.4333,3.9333,1399,1483,118,3000
718,106s,6♠,10♠,46.5667,49.1000,4.3333,1397,1473,130,3000
719,98o,8♥,9♦,46.5667,49.4667,3.9667,1397,1484,119,3000
720,98o,9♥,8♣,46.5667,49.3667,4.0667,1397,1481,122,3000
721,87s,7♣,8♣,46.5333,48.9333,4.5333,1396,1468,136,3000
722,Q3o,Q♥,3♣,46.4333,49.4667,4.1000,1393,1484,123,3000
723,98o,8♦,9♣,46.4333,49.8667,3.7000,1393,1496,111,3000
724,J5o,5♠,J♣,46.4000,49.6667,3.9333,1392,1490,118,3000
725,J7o,7♥,J♦,46.4000,49.6000,4.0000,1392,1488,120,3000
726,J4s,4♦,J♦,46.3667,49.3333,4.3000,1391,1480,129,3000
727,105s,5♦,10♦,46.3667,49.3000,4.3333,1391,1479,130,3000
728,98o,9♠,8♦,46.3333,49.9000,3.7667,1390,1497,113,3000
729,Q4o,Q♠,4♥,46.3333,49.0000,4.6667,1390,1470,140,3000
730,J6o,6♥,J♣,46.3333,48.9333,4.7333,1390,1468,142,3000
731,Q5o,Q♥,5♣,46.3333,49.2000,4.4667,1390,1476,134,3000
732,107o,7♠,10♦,46.2667,49.8667,3.8667,1388,1496,116,3000
733,108o,10♦,8♣,46.2000,49.9667,3.8333,1386,1499,115,3000
734,Q3o,Q♠,3♦,46.1667,48.8000,5.0333,1385,1464,151,3000
735,107o,7♥,10♣,46.1667,49.7333,4.1000,1385,1492,123,3000
736,Q2o,2♠,Q♥,46.1333,49.1667,4.7000,1384,1475,141,3000
737,107o,7♠,10♣,46.1000,49.2667,4.6333,1383,1478,139,3000
738,Q4o,4♥,Q♦,46.1000,49.8333,4.0667,1383,1495,122,3000
739,J6o,6♠,J♣,46.0000,49.8667,4.1333,1380,1496,124,3000
740,J3s,3♥,J♥,45.9667,50.0000,4.0333,1379,1500,121,3000
741,J5o,5♥,J♦,45.9667,49.9667,4.0667,1379,1499,122,3000
742,98o,8♠,9♣,45.9333,50.7000,3.3667,1378,1521,101,3000
743,J2s,2♠,J♠,45.9000,49.2667,4.8333,1377,1478,145,3000
744,Q2o,2♦,Q♣,45.8667,49.4667,4.6667,1376,1484,140,3000
745,Q3o,3♠,Q♦,45.8333,49.9000,4.2667,1375,1497,128,3000
746,Q3o,3♥,Q♣,45.8333,49.8667,4.3000,1375,1496,129,3000
747,J6o,J♦,6♣,45.7667,50.0667,4.1667,1373,1502,125,3000
748,107o,10♥,7♣,45.7333,49.9667,4.3000,1372,1499,129,3000
749,107o,10♠,7♣,45.7000,50.0333,4.2667,1371,1501,128,3000
750,J5o,J♦,5♣,45.6667,49.4000,4.9333,1370,1482,148,3000
751,J5o,J♥,5♦,45.6000,49.3667,5.0333,1368,1481,151,3000
752,98o,8♠,9♦,45.5333,50.3000,4.1667,1366,1509,125,3000
753,Q2o,Q♠,2♣,45.5333,50.0667,4.4000,1366,1502,132,3000
754,J5o,J♥,5♣,45.5333,49.6000,4.8667,1366,1488,146,3000
755,J6o,J♥,6♣,45.5000,49.9333,4.5667,1365,1498,137,3000
756,J5o,5♦,J♣,45.5000,50.2333,4.2667,1365,1507,128,3000
757,Q2o,Q♦,2♣,45.5000,50.2667,4.2333,1365,1508,127,3000
758,96s,6♣,9♣,45.4667,50.1333,4.4000,1364,1504,132,3000
759,J2s,2♣,J♣,45.4333,50.2333,4.3333,1363,1507,130,3000
760,Q2o,Q♠,2♥,45.4000,51.0667,3.5333,1362,1532,106,3000
761,Q3o,Q♥,3♦,45.4000,50.3667,4.2333,1362,1511,127,3000
762,97o,9♠,7♦,45.3333,50.5333,4.1333,1360,1516,124,3000
763,J6o,J♠,6♥,45.3333,50.8000,3.8667,1360,1524,116,3000
764,86s,6♥,8♥,45.3333,49.6667,5.0000,1360,1490,150,3000
765,107o,7♦,10♣,45.3333,50.5333,4.1333,1360,1516,124,3000
766,Q3o,3♠,Q♣,45.3000,50.0000,4.7000,1359,1500,141,3000
767,J2s,2♦,J♦,45.3000,50.6000,4.1000,1359,1518,123,3000
768,96s,6♠,9♠,45.2667,50.5000,4.2333,1358,1515,127,3000
769,87s,7♠,8♠,45.2667,50.2000,4.5333,1358,1506,136,3000
770,J5o,J♠,5♣,45.2333,50.4333,4.3333,1357,1513,130,3000
771,Q2o,2♥,Q♣,45.2333,50.3333,4.4333,1357,1510,133,3000
772,J4o,4♥,J♣,45.2000,50.5667,4.2333,1356,1517,127,3000
773,87s,7♥,8♥,45.2000,49.7000,5.1000,1356,1491,153,3000
774,97o,9♥,7♦,45.2000,50.6667,4.1333,1356,1520,124,3000
775,J6o,6♦,J♣,45.2000,50.6667,4.1333,1356,1520,124,3000
776,J3s,3♣,J♣,45.1667,50.3667,4.4667,1355,1511,134,3000
777,Q2o,Q♥,2♦,45.1333,51.0333,3.8333,1354,1531,115,3000
778,97o,9♠,7♣,45.1000,49.6333,5.2667,1353,1489,158,3000
779,105s,5♣,10♣,45.1000,50.6333,4.2667,1353,1519,128,3000
780,97o,9♥,7♣,45.0667,50.4667,4.4667,1352,1514,134,3000
781,107o,7♥,10♦,45.0333,50.4000,4.5667,1351,1512,137,3000
782,103s,3♣,10♣,45.0333,50.6667,4.3000,1351,1520,129,3000
783,107o,10♠,7♦,45.0000,50.6333,4.3667,1350,1519,131,3000
784,J2s,2♥,J♥,44.9667,50.4333,4.6000,1349,1513,138,3000
785,98o,8♥,9♣,44.9333,50.5333,4.5333,1348,1516,136,3000
786,107o,10♠,7♥,44.9000,50.7000,4.4000,1347,1521,132,3000
787,Q4o,Q♠,4♣,44.8000,50.9667,4.2333,1344,1529,127,3000
788,J6o,J♥,6♦,44.7667,50.9000,4.3333,1343,1527,130,3000
789,102s,2♦,10♦,44.7667,50.3000,4.9333,1343,1509,148,3000
790,96s,6♦,9♦,44.6333,50.6667,4.7000,1339,1520,141,3000
791,86s,6♣,8♣,44.6333,51.1000,4.2667,1339,1533,128,3000
792,87s,7♦,8♦,44.5667,50.7000,4.7333,1337,1521,142,3000
793,98o,9♦,8♣,44.5667,51.2333,4.2000,1337,1537,126,3000
794,Q2o,2♠,Q♣,44.5333,51.0667,4.4000,1336,1532,132,3000
795,J5o,5♠,J♥,44.5333,51.2000,4.2667,1336,1536,128,3000
796,105s,5♥,10♥,44.5333,51.6000,3.8667,1336,1548,116,3000
797,107o,10♦,7♣,44.5333,51.7333,3.7333,1336,1552,112,3000
798,J4o,J♦,4♣,44.5333,50.8333,4.6333,1336,1525,139,3000
799,96s,6♥,9♥,44.4667,50.7000,4.8333,1334,1521,145,3000
800,107o,7♠,10♥,44.4333,51.4000,4.1667,1333,1542,125,3000
801,Q2o,Q♠,2♦,44.4333,51.1333,4.4333,1333,1534,133,3000
802,97o,9♦,7♣,44.4333,51.2000,4.3667,1333,1536,131,3000
803,97o,7♠,9♥,44.4000,51.6333,3.9667,1332,1549,119,3000
804,J5o,5♥,J♣,44.4000,50.4000,5.2000,1332,1512,156,3000
805,87o,7♠,8♣,44.3667,51.3667,4.2667,1331,1541,128,3000
806,J4o,J♠,4♣,44.3667,51.1333,4.5000,1331,1534,135,3000
807,86s,6♦,8♦,44.3667,50.6000,5.0333,1331,1518,151,3000
808,106o,10♠,6♦,44.3333,51.0000,4.6667,1330,1530,140,3000
809,76s,6♥,7♥,44.3333,50.5000,5.1667,1330,1515,155,3000
810,J5o,5♠,J♦,44.3000,50.4000,5.3000,1329,1512,159,3000
811,97o,7♠,9♣,44.3000,52.0667,3.6333,1329,1562,109,3000
812,J5o,J♠,5♥,44.3000,50.7000,5.0000,1329,1521,150,3000
813,102s,2♠,10♠,44.2667,50.7667,4.9667,1328,1523,149,3000
814,86s,6♠,8♠,44.2667,50.9333,4.8000,1328,1528,144,3000
815,Q2o,2♠,Q♦,44.2333,51.1667,4.6000,1327,1535,138,3000
816,J4o,4♠,J♣,44.2333,51.5000,4.2667,1327,1545,128,3000
817,87o,7♠,8♥,44.2333,51.1000,4.6667,1327,1533,140,3000
818,J4o,4♦,J♣,44.2333,51.3333,4.4333,1327,1540,133,3000
819,Q2o,2♥,Q♦,44.1667,52.0333,3.8000,1325,1561,114,3000
820,106o,10♥,6♦,44.1667,51.2667,4.5667,1325,1538,137,3000
821,103s,3♦,10♦,44.1333,50.1667,5.7000,1324,1505,171,3000
822,104s,4♣,10♣,44.1333,51.4333,4.4333,1324,1543,133,3000
823,103s,3♥,10♥,44.0667,51.7333,4.2000,1322,1552,126,3000
824,95s,5♦,9♦,44.0667,50.7000,5.2333,1322,1521,157,3000
825,J3o,3♠,J♥,44.0000,51.6000,4.4000,1320,1548,132,3000
826,106o,6♠,10♦,44.0000,50.9333,5.0667,1320,1528,152,3000
827,97o,7♠,9♦,44.0000,51.9333,4.0667,1320,1558,122,3000
828,J4o,4♥,J♦,43.9667,52.2667,3.7667,1319,1568,113,3000
829,94s,4♥,9♥,43.9000,51.1000,5.0000,1317,1533,150,3000
830,106o,6♥,10♣,43.9000,51.5667,4.5333,1317,1547,136,3000
831,102s,2♣,10♣,43.9000,51.1333,4.9667,1317,1534,149,3000
832,105o,5♠,10♦,43.8667,51.8333,4.3000,1316,1555,129,3000
833,106o,10♠,6♣,43.8333,51.6333,4.5333,1315,1549,136,3000
834,J4o,J♥,4♦,43.7667,51.9333,4.3000,1313,1558,129,3000
835,87o,7♥,8♣,43.7000,51.5000,4.8000,1311,1545,144,3000
836,104s,4♥,10♥,43.6667,51.4667,4.8667,1310,1544,146,3000
837,J3o,J♠,3♦,43.6000,52.0000,4.4000,1308,1560,132,3000
838,J3o,J♠,3♣,43.6000,51.3333,5.0667,1308,1540,152,3000
839,J5o,J♠,5♦,43.5667,52.0000,4.4333,1307,1560,133,3000
840,97o,7♥,9♦,43.5667,51.9333,4.5000,1307,1558,135,3000
841,106o,10♥,6♣,43.5667,52.3000,4.1333,1307,1569,124,3000
842,106o,6♦,10♣,43.5667,52.1000,4.3333,1307,1563,130,3000
843,J4o,4♠,J♥,43.4667,51.7333,4.8000,1304,1552,144,3000
844,97o,7♦,9♣,43.4667,52.1333,4.4000,1304,1564,132,3000
845,106o,6♠,10♥,43.4000,51.9000,4.7000,1302,1557,141,3000
846,104s,4♦,10♦,43.4000,52.1333,4.4667,1302,1564,134,3000
847,76s,6♣,7♣,43.3333,50.9333,5.7333,1300,1528,172,3000
848,J3o,3♠,J♣,43.3000,51.3667,5.3333,1299,1541,160,3000
849,95s,5♥,9♥,43.3000,52.1333,4.5667,1299,1564,137,3000
850,96o,9♠,6♣,43.2333,51.9000,4.8667,1297,1557,146,3000
851,106o,10♦,6♣,43.2000,51.8333,4.9667,1296,1555,149,3000
852,105s,5♠,10♠,43.1667,52.1000,4.7333,1295,1563,142,3000
853,97o,9♠,7♥,43.1000,52.4000,4.5000,1293,1572,135,3000
854,97o,7♥,9♣,43.1000,52.9667,3.9333,1293,1589,118,3000
855,106o,6♠,10♣,43.0667,52.3667,4.5667,1292,1571,137,3000
856,J3o,J♦,3♣,43.0667,52.0667,4.8667,1292,1562,146,3000
857,104o,10♠,4♣,43.0333,52.6333,4.3333,1291,1579,130,3000
858,87o,8♥,7♣,43.0333,52.6667,4.3000,1291,1580,129,3000
859,103s,3♠,10♠,43.0000,52.7000,4.3000,1290,1581,129,3000
860,J3o,3♠,J♦,43.0000,51.9000,5.1000,1290,1557,153,3000
861,87o,8♥,7♦,42.9667,52.6000,4.4333,1289,1578,133,3000
862,J4o,J♠,4♥,42.8333,52.7000,4.4667,1285,1581,134,3000
863,96o,9♥,6♦,42.8333,53.1333,4.0333,1285,1594,121,3000
864,J4o,4♠,J♦,42.8000,52.7000,4.5000,1284,1581,135,3000
865,76s,6♦,7♦,42.8000,51.9333,5.2667,1284,1558,158,3000
866,95s,5♣,9♣,42.8000,52.3000,4.9000,1284,1569,147,3000
867,76s,6♠,7♠,42.7667,52.8667,4.3667,1283,1586,131,3000
868,J3o,3♥,J♣,42.7667,52.6667,4.5667,1283,1580,137,3000
869,85s,5♠,8♠,42.7333,51.7000,5.5667,1282,1551,167,3000
870,95s,5♠,9♠,42.7333,52.2000,5.0667,1282,1566,152,3000
871,106o,10♠,6♥,42.7333,53.0333,4.2333,1282,1591,127,3000
872,J3o,J♠,3♥,42.7000,52.4000,4.9000,1281,1572,147,3000
873,J4o,J♠,4♦,42.6667,52.5667,4.7667,1280,1577,143,3000
874,J2o,J♠,2♣,42.6667,52.5667,4.7667,1280,1577,143,3000
875,96o,6♥,9♦,42.6667,52.5333,4.8000,1280,1576,144,3000
876,J3o,J♥,3♦,42.6667,52.5000,4.8333,1280,1575,145,3000
877,J2o,J♦,2♣,42.6333,52.9000,4.4667,1279,1587,134,3000
878,J4o,J♥,4♣,42.6000,52.8333,4.5667,1278,1585,137,3000
879,87o,8♠,7♥,42.5667,52.9667,4.4667,1277,1589,134,3000
880,96o,9♠,6♥,42.5667,52.6333,4.8000,1277,1579,144,3000
881,106o,6♥,10♦,42.5667,52.6667,4.7667,1277,1580,143,3000
882,87o,8♠,7♦,42.5333,52.6000,4.8667,1276,1578,146,3000
883,85s,5♥,8♥,42.5000,52.2667,5.2333,1275,1568,157,3000
884,J2o,2♦,J♣,42.5000,53.4000,4.1000,1275,1602,123,3000
885,105o,10♦,5♣,42.4333,53.4333,4.1333,1273,1603,124,3000
886,96o,9♥,6♣,42.4000,52.4667,5.1333,1272,1574,154,3000
887,85s,5♦,8♦,42.4000,52.7000,4.9000,1272,1581,147,3000
888,76o,7♠,6♥,42.3667,53.1667,4.4667,1271,1595,134,3000
889,86o,6♥,8♦,42.2667,53.0333,4.7000,1268,1591,141,3000
890,87o,8♠,7♣,42.2333,53.2333,4.5333,1267,1597,136,3000
891,96o,6♥,9♣,42.2333,52.7000,5.0667,1267,1581,152,3000
892,94s,4♣,9♣,42.2333,52.2667,5.5000,1267,1568,165,3000
893,87o,7♦,8♣,42.1333,53.5333,4.3333,1264,1606,130,3000
894,96o,6♠,9♦,42.1000,53.5333,4.3667,1263,1606,131,3000
895,105o,5♥,10♦,42.0333,52.6000,5.3667,1261,1578,161,3000
896,104o,4♠,10♦,42.0000,53.2667,4.7333,1260,1598,142,3000
897,105o,5♠,10♥,42.0000,53.1333,4.8667,1260,1594,146,3000
898,104o,10♥,4♦,42.0000,52.2333,5.7667,1260,1567,173,3000
899,96o,6♦,9♣,41.9667,53.1667,4.8667,1259,1595,146,3000
900,J3o,J♥,3♣,41.9000,53.2000,4.9000,1257,1596,147,3000
901,104o,10♠,4♦,41.8000,53.3000,4.9000,1254,1599,147,3000
902,105o,5♦,10♣,41.8000,53.5000,4.7000,1254,1605,141,3000
903,86o,8♦,6♣,41.8000,53.1333,5.0667,1254,1594,152,3000
904,J2o,2♠,J♥,41.7667,53.9333,4.3000,1253,1618,129,3000
905,96o,6♠,9♥,41.7667,53.5333,4.7000,1253,1606,141,3000
906,J2o,2♥,J♣,41.7667,54.2000,4.0333,1253,1626,121,3000
907,J3o,3♥,J♦,41.7333,53.9000,4.3667,1252,1617,131,3000
908,96o,9♠,6♦,41.6667,53.0667,5.2667,1250,1592,158,3000
909,94s,4♠,9♠,41.6333,54.0000,4.3667,1249,1620,131,3000
910,104s,4♠,10♠,41.6333,53.3667,5.0000,1249,1601,150,3000
911,96o,6♠,9♣,41.6333,53.8667,4.5000,1249,1616,135,3000
912,105o,10♠,5♦,41.6333,53.1000,5.2667,1249,1593,158,3000
913,87o,7♠,8♦,41.6000,53.7667,4.6333,1248,1613,139,3000
914,104o,10♦,4♣,41.6000,53.3333,5.0667,1248,1600,152,3000
915,104o,4♠,10♣,41.5667,53.4000,5.0333,1247,1602,151,3000
916,96o,9♦,6♣,41.5333,53.8000,4.6667,1246,1614,140,3000
917,J2o,2♥,J♦,41.4667,53.8000,4.7333,1244,1614,142,3000
918,104o,10♥,4♣,41.4667,52.8667,5.6667,1244,1586,170,3000
919,J3o,3♦,J♣,41.4667,53.3000,5.2333,1244,1599,157,3000
920,84s,4♦,8♦,41.4667,53.9667,4.5667,1244,1619,137,3000
921,104o,4♦,10♣,41.4667,54.4667,4.0667,1244,1634,122,3000
922,75s,5♦,7♦,41.4667,53.0000,5.5333,1244,1590,166,3000
923,105o,10♠,5♣,41.4333,53.2000,5.3667,1243,1596,161,3000
924,87o,7♥,8♦,41.4333,54.0667,4.5000,1243,1622,135,3000
925,87o,8♦,7♣,41.4333,53.9667,4.6000,1243,1619,138,3000
926,105o,5♥,10♣,41.3667,53.9333,4.7000,1241,1618,141,3000
927,93s,3♦,9♦,41.3333,53.8000,4.8667,1240,1614,146,3000
928,75s,5♥,7♥,41.3000,53.2000,5.5000,1239,1596,165,3000
929,J2o,J♠,2♦,41.2667,54.2333,4.5000,1238,1627,135,3000
930,105o,5♠,10♣,41.2333,54.4667,4.3000,1237,1634,129,3000
931,86o,6♠,8♦,41.2333,52.9667,5.8000,1237,1589,174,3000
932,86o,6♦,8♣,41.2000,54.0667,4.7333,1236,1622,142,3000
933,86o,8♠,6♥,41.1667,53.4667,5.3667,1235,1604,161,3000
934,95o,9♠,5♥,41.1667,53.7667,5.0667,1235,1613,152,3000
935,J2o,J♠,2♥,41.1667,55.0000,3.8333,1235,1650,115,3000
936,94s,4♦,9♦,41.1000,54.6000,4.3000,1233,1638,129,3000
937,105o,10♠,5♥,41.0667,54.0333,4.9000,1232,1621,147,3000
938,84s,4♣,8♣,41.0667,53.8000,5.1333,1232,1614,154,3000
939,85s,5♣,8♣,41.0667,53.4333,5.5000,1232,1603,165,3000
940,65s,5♠,6♠,41.0333,53.6000,5.3667,1231,1608,161,3000
941,75s,5♣,7♣,41.0333,53.8000,5.1667,1231,1614,155,3000
942,104o,4♥,10♣,41.0000,54.3667,4.6333,1230,1631,139,3000
943,J2o,2♠,J♦,40.9333,54.6000,4.4667,1228,1638,134,3000
944,J2o,J♥,2♣,40.9333,54.5667,4.5000,1228,1637,135,3000
945,76o,6♥,7♣,40.9000,53.6000,5.5000,1227,1608,165,3000
946,86o,8♥,6♣,40.8667,55.0667,4.0667,1226,1652,122,3000
947,95o,9♥,5♦,40.8333,53.4333,5.7333,1225,1603,172,3000
948,92s,2♠,9♠,40.8000,54.3667,4.8333,1224,1631,145,3000
949,93s,3♠,9♠,40.7667,54.3667,4.8667,1223,1631,146,3000
950,86o,6♠,8♥,40.7333,53.6667,5.6000,1222,1610,168,3000
951,76o,6♠,7♥,40.7000,54.0667,5.2333,1221,1622,157,3000
952,103o,10♦,3♣,40.7000,54.8333,4.4667,1221,1645,134,3000
953,103o,3♠,10♦,40.6667,55.2667,4.0667,1220,1658,122,3000
954,65s,5♦,6♦,40.6667,53.9000,5.4333,1220,1617,163,3000
955,102o,2♠,10♣,40.6333,54.7000,4.6667,1219,1641,140,3000
956,75s,5♠,7♠,40.6333,54.3667,5.0000,1219,1631,150,3000
957,86o,6♠,8♣,40.5333,54.0333,5.4333,1216,1621,163,3000
958,J2o,J♥,2♦,40.5333,54.4000,5.0667,1216,1632,152,3000
959,102o,2♦,10♣,40.5000,54.2667,5.2333,1215,1628,157,3000
960,65s,5♥,6♥,40.4667,53.8667,5.6667,1214,1616,170,3000
961,103o,10♥,3♣,40.4667,54.3667,5.1667,1214,1631,155,3000
962,J2o,2♠,J♣,40.4333,54.7000,4.8667,1213,1641,146,3000
963,95o,9♥,5♣,40.4333,53.4667,6.1000,1213,1604,183,3000
964,92s,2♥,9♥,40.4000,54.8000,4.8000,1212,1644,144,3000
965,95o,9♠,5♦,40.3667,54.1000,5.5333,1211,1623,166,3000
966,102o,2♥,10♣,40.3667,53.9000,5.7333,1211,1617,172,3000
967,104o,4♠,10♥,40.3333,55.3000,4.3667,1210,1659,131,3000
968,102s,2♥,10♥,40.3333,55.0000,4.6667,1210,1650,140,3000
969,104o,4♥,10♦,40.3333,54.2333,5.4333,1210,1627,163,3000
970,65s,5♣,6♣,40.3000,53.9000,5.8000,1209,1617,174,3000
971,103o,10♠,3♥,40.2667,54.3667,5.3667,1208,1631,161,3000
972,105o,10♥,5♦,40.2667,55.2667,4.4667,1208,1658,134,3000
973,93s,3♣,9♣,40.2333,54.8667,4.9000,1207,1646,147,3000
974,85o,8♠,5♣,40.2000,54.6333,5.1667,1206,1639,155,3000
975,76o,6♠,7♦,40.1667,54.7667,5.0667,1205,1643,152,3000
976,86o,8♠,6♣,40.1333,54.5333,5.3333,1204,1636,160,3000
977,54s,4♣,5♣,40.1000,54.8000,5.1000,1203,1644,153,3000
978,86o,6♥,8♣,40.0333,54.5000,5.4667,1201,1635,164,3000
979,95o,5♦,9♣,40.0333,55.2333,4.7333,1201,1657,142,3000
980,93s,3♥,9♥,40.0000,55.1667,4.8333,1200,1655,145,3000
981,85o,5♦,8♣,39.9667,54.6667,5.3667,1199,1640,161,3000
982,95o,5♠,9♣,39.9333,54.4000,5.6667,1198,1632,170,3000
983,95o,9♠,5♣,39.9333,55.2000,4.8667,1198,1656,146,3000
984,104o,10♠,4♥,39.9000,55.7667,4.3333,1197,1673,130,3000
985,95o,9♦,5♣,39.8667,55.2667,4.8667,1196,1658,146,3000
986,92s,2♣,9♣,39.8667,55.5000,4.6333,1196,1665,139,3000
987,102o,10♥,2♦,39.8333,55.7000,4.4667,1195,1671,134,3000
988,54s,4♠,5♠,39.8000,55.1333,5.0667,1194,1654,152,3000
989,64s,4♣,6♣,39.8000,55.3000,4.9000,1194,1659,147,3000
990,103o,3♠,10♣,39.7667,54.6667,5.5667,1193,1640,167,3000
991,86o,8♠,6♦,39.7667,55.0667,5.1667,1193,1652,155,3000
992,103o,10♠,3♣,39.7333,55.5000,4.7667,1192,1665,143,3000
993,74s,4♦,7♦,39.7333,55.2000,5.0667,1192,1656,152,3000
994,85o,8♦,5♣,39.7000,55.0667,5.2333,1191,1652,157,3000
995,84s,4♠,8♠,39.6667,55.5667,4.7667,1190,1667,143,3000
996,54s,4♥,5♥,39.6333,54.2333,6.1333,1189,1627,184,3000
997,95o,5♥,9♦,39.6000,56.1667,4.2333,1188,1685,127,3000
998,84s,4♥,8♥,39.5667,55.3000,5.1333,1187,1659,154,3000
999,95o,5♥,9♣,39.5667,55.4333,5.0000,1187,1663,150,3000
1000,102o,2♠,10♥,39.5333,55.4333,5.0333,1186,1663,151,3000
1001,95o,5♠,9♦,39.4667,55.2667,5.2667,1184,1658,158,3000
1002,103o,3♥,10♣,39.4667,55.6333,4.9000,1184,1669,147,3000
1003,103o,10♥,3♦,39.4667,55.5667,4.9667,1184,1667,149,3000
1004,103o,3♠,10♥,39.4333,55.2333,5.3333,1183,1657,160,3000
1005,74s,4♠,7♠,39.4333,55.7667,4.8000,1183,1673,144,3000
1006,76o,7♥,6♣,39.3667,55.3333,5.3000,1181,1660,159,3000
1007,102o,10♥,2♣,39.3667,55.5000,5.1333,1181,1665,154,3000
1008,74s,4♥,7♥,39.2667,55.0000,5.7333,1178,1650,172,3000
1009,94o,9♠,4♥,39.2333,55.2667,5.5000,1177,1658,165,3000
1010,103o,3♥,10♦,39.2333,56.4333,4.3333,1177,1693,130,3000
1011,76o,7♥,6♦,39.2333,55.3667,5.4000,1177,1661,162,3000
1012,76o,7♠,6♣,39.0667,54.4667,6.4667,1172,1634,194,3000
1013,102o,2♥,10♦,39.0667,55.8000,5.1333,1172,1674,154,3000
1014,65o,6♠,5♦,39.0333,55.0333,5.9333,1171,1651,178,3000
1015,64s,4♦,6♦,39.0333,55.2333,5.7333,1171,1657,172,3000
1016,105o,10♥,5♣,39.0000,56.5333,4.4667,1170,1696,134,3000
1017,76o,7♠,6♦,38.9667,55.4333,5.6000,1169,1663,168,3000
1018,86o,8♥,6♦,38.9667,55.6667,5.3667,1169,1670,161,3000
1019,103o,3♦,10♣,38.9333,55.9000,5.1667,1168,1677,155,3000
1020,76o,6♠,7♣,38.9000,55.7667,5.3333,1167,1673,160,3000
1021,85o,5♥,8♦,38.9000,56.3333,4.7667,1167,1690,143,3000
1022,63s,3♠,6♠,38.8667,55.5000,5.6333,1166,1665,169,3000
1023,83s,3♠,8♠,38.8667,56.0333,5.1000,1166,1681,153,3000
1024,94o,4♠,9♦,38.8333,56.0000,5.1667,1165,1680,155,3000
1025,85o,5♠,8♦,38.8333,55.3333,5.8333,1165,1660,175,3000
1026,102o,10♠,2♦,38.8333,56.8333,4.3333,1165,1705,130,3000
1027,92s,2♦,9♦,38.8000,56.3667,4.8333,1164,1691,145,3000
1028,76o,7♦,6♣,38.8000,56.6667,4.5333,1164,1700,136,3000
1029,102o,10♠,2♣,38.6333,56.2333,5.1333,1159,1687,154,3000
1030,102o,2♠,10♦,38.6000,56.7000,4.7000,1158,1701,141,3000
1031,94o,4♥,9♣,38.6000,56.2333,5.1667,1158,1687,155,3000
1032,102o,10♦,2♣,38.6000,56.5000,4.9000,1158,1695,147,3000
1033,75o,5♥,7♣,38.5667,55.7667,5.6667,1157,1673,170,3000
1034,54s,4♦,5♦,38.5667,55.6667,5.7667,1157,1670,173,3000
1035,85o,5♠,8♥,38.5333,56.7333,4.7333,1156,1702,142,3000
1036,65o,5♥,6♦,38.5333,56.7333,4.7333,1156,1702,142,3000
1037,93o,3♠,9♣,38.4667,56.2667,5.2667,1154,1688,158,3000
1038,76o,6♦,7♣,38.4667,56.3667,5.1667,1154,1691,155,3000
1039,74s,4♣,7♣,38.4667,55.7000,5.8333,1154,1671,175,3000
1040,82s,2♠,8♠,38.4333,56.0000,5.5667,1153,1680,167,3000
1041,64s,4♠,6♠,38.4333,55.9667,5.6000,1153,1679,168,3000
1042,95o,5♠,9♥,38.4000,56.5667,5.0333,1152,1697,151,3000
1043,94o,4♠,9♣,38.3667,55.8667,5.7667,1151,1676,173,3000
1044,76o,6♥,7♦,38.3333,56.7667,4.9000,1150,1703,147,3000
1045,85o,5♥,8♣,38.3000,56.3667,5.3333,1149,1691,160,3000
1046,83s,3♦,8♦,38.3000,56.5667,5.1333,1149,1697,154,3000
1047,85o,8♥,5♣,38.2667,55.9333,5.8000,1148,1678,174,3000
1048,93o,9♥,3♦,38.2667,56.7667,4.9667,1148,1703,149,3000
1049,94o,4♠,9♥,38.2333,56.0667,5.7000,1147,1682,171,3000
1050,65o,5♠,6♥,38.2333,56.2000,5.5667,1147,1686,167,3000
1051,75o,7♠,5♦,38.2333,55.9333,5.8333,1147,1678,175,3000
1052,103o,10♠,3♦,38.2333,55.8667,5.9000,1147,1676,177,3000
1053,65o,6♦,5♣,38.2333,55.7333,6.0333,1147,1672,181,3000
1054,63s,3♣,6♣,38.2333,56.7333,5.0333,1147,1702,151,3000
1055,92o,2♠,9♦,38.1667,56.3667,5.4667,1145,1691,164,3000
1056,73s,3♥,7♥,38.1667,56.6000,5.2333,1145,1698,157,3000
1057,75o,7♦,5♣,38.1667,56.5333,5.3000,1145,1696,159,3000
1058,75o,7♠,5♣,38.0333,56.3333,5.6333,1141,1690,169,3000
1059,94o,9♥,4♦,38.0333,56.9667,5.0000,1141,1709,150,3000
1060,82s,2♣,8♣,38.0333,57.1667,4.8000,1141,1715,144,3000
1061,102o,10♠,2♥,38.0000,57.3333,4.6667,1140,1720,140,3000
1062,75o,5♠,7♣,37.9667,56.3333,5.7000,1139,1690,171,3000
1063,93o,3♦,9♣,37.9667,57.3333,4.7000,1139,1720,141,3000
1064,65o,6♥,5♣,37.8333,56.6000,5.5667,1135,1698,167,3000
1065,93o,9♥,3♣,37.8333,56.9000,5.2667,1135,1707,158,3000
1066,92o,2♠,9♥,37.8000,57.2333,4.9667,1134,1717,149,3000
1067,82s,2♥,8♥,37.8000,56.8000,5.4000,1134,1704,162,3000
1068,83s,3♣,8♣,37.8000,56.8333,5.3667,1134,1705,161,3000
1069,65o,6♠,5♣,37.7333,56.4000,5.8667,1132,1692,176,3000
1070,84o,8♥,4♦,37.7333,57.0667,5.2000,1132,1712,156,3000
1071,85o,5♠,8♣,37.7000,57.0667,5.2333,1131,1712,157,3000
1072,94o,9♥,4♣,37.7000,56.7333,5.5667,1131,1702,167,3000
1073,75o,5♠,7♥,37.6667,57.0333,5.3000,1130,1711,159,3000
1074,85o,8♥,5♦,37.6667,57.2667,5.0667,1130,1718,152,3000
1075,84o,4♠,8♣,37.6000,57.4333,4.9667,1128,1723,149,3000
1076,93o,3♥,9♦,37.6000,56.8000,5.6000,1128,1704,168,3000
1077,53s,3♣,5♣,37.6000,56.9000,5.5000,1128,1707,165,3000
1078,85o,8♠,5♥,37.5667,57.1667,5.2667,1127,1715,158,3000
1079,75o,5♥,7♦,37.5667,56.3667,6.0667,1127,1691,182,3000
1080,73s,3♠,7♠,37.5333,57.2333,5.2333,1126,1717,157,3000
1081,94o,9♠,4♣,37.5333,57.4667,5.0000,1126,1724,150,3000
1082,85o,8♠,5♦,37.4667,56.9333,5.6000,1124,1708,168,3000
1083,83s,3♥,8♥,37.4667,58.0333,4.5000,1124,1741,135,3000
1084,94o,4♦,9♣,37.4333,56.9000,5.6667,1123,1707,170,3000
1085,53s,3♦,5♦,37.3667,56.2333,6.4000,1121,1687,192,3000
1086,93o,9♦,3♣,37.3667,57.5000,5.1333,1121,1725,154,3000
1087,84o,8♠,4♥,37.3333,57.2000,5.4667,1120,1716,164,3000
1088,74o,4♥,7♦,37.3000,56.7000,6.0000,1119,1701,180,3000
1089,93o,9♠,3♥,37.2333,57.8000,4.9667,1117,1734,149,3000
1090,92o,2♠,9♣,37.1333,58.0333,4.8333,1114,1741,145,3000
1091,53s,3♠,5♠,37.1333,57.2667,5.6000,1114,1718,168,3000
1092,84o,4♦,8♣,37.1333,57.5000,5.3667,1114,1725,161,3000
1093,93o,3♠,9♥,37.1000,57.9333,4.9667,1113,1738,149,3000
1094,65o,6♠,5♥,37.1000,56.6333,6.2667,1113,1699,188,3000
1095,94o,9♠,4♦,37.1000,58.0000,4.9000,1113,1740,147,3000
1096,84o,8♠,4♦,37.0667,57.3000,5.6333,1112,1719,169,3000
1097,65o,5♠,6♣,37.0333,57.7667,5.2000,1111,1733,156,3000
1098,93o,9♠,3♣,37.0333,58.1000,4.8667,1111,1743,146,3000
1099,64s,4♥,6♥,37.0333,57.5667,5.4000,1111,1727,162,3000
1100,43s,3♦,4♦,37.0333,57.0667,5.9000,1111,1712,177,3000
1101,93o,3♠,9♦,37.0000,58.2000,4.8000,1110,1746,144,3000
1102,92o,9♠,2♣,37.0000,58.0667,4.9333,1110,1742,148,3000
1103,92o,2♥,9♣,37.0000,58.5000,4.5000,1110,1755,135,3000
1104,94o,9♦,4♣,37.0000,56.6333,6.3667,1110,1699,191,3000
1105,75o,5♠,7♦,36.9667,56.9667,6.0667,1109,1709,182,3000
1106,84o,4♥,8♦,36.9667,58.3000,4.7333,1109,1749,142,3000
1107,92o,9♥,2♦,36.9667,58.4667,4.5667,1109,1754,137,3000
1108,82s,2♦,8♦,36.9667,58.1667,4.8667,1109,1745,146,3000
1109,92o,2♦,9♣,36.9667,58.2000,4.8333,1109,1746,145,3000
1110,84o,8♥,4♣,36.9000,57.4333,5.6667,1107,1723,170,3000
1111,84o,4♠,8♦,36.8667,57.0333,6.1000,1106,1711,183,3000
1112,72s,2♣,7♣,36.8667,57.1000,6.0333,1106,1713,181,3000
1113,65o,6♥,5♦,36.7667,57.6000,5.6333,1103,1728,169,3000
1114,84o,8♦,4♣,36.7667,57.5667,5.6667,1103,1727,170,3000
1115,74o,4♥,7♣,36.7333,56.8333,6.4333,1102,1705,193,3000
1116,75o,7♠,5♥,36.7000,57.8333,5.4667,1101,1735,164,3000
1117,92o,9♠,2♦,36.5667,58.2333,5.2000,1097,1747,156,3000
1118,65o,5♦,6♣,36.5667,57.8000,5.6333,1097,1734,169,3000
1119,93o,3♥,9♣,36.5333,58.1667,5.3000,1096,1745,159,3000
1120,64o,6♥,4♦,36.5333,56.9333,6.5333,1096,1708,196,3000
1121,83o,8♥,3♦,36.5333,58.1000,5.3667,1096,1743,161,3000
1122,43s,3♠,4♠,36.5000,57.7667,5.7333,1095,1733,172,3000
1123,74o,4♠,7♥,36.5000,58.7000,4.8000,1095,1761,144,3000
1124,65o,5♠,6♦,36.5000,57.2000,6.3000,1095,1716,189,3000
1125,94o,4♥,9♦,36.5000,58.8000,4.7000,1095,1764,141,3000
1126,93o,9♠,3♦,36.3000,58.5333,5.1667,1089,1756,155,3000
1127,64o,6♠,4♦,36.2667,58.2667,5.4667,1088,1748,164,3000
1128,75o,5♦,7♣,36.2667,57.8000,5.9333,1088,1734,178,3000
1129,52s,2♣,5♣,36.2667,57.6667,6.0667,1088,1730,182,3000
1130,75o,7♥,5♦,36.2333,57.9000,5.8667,1087,1737,176,3000
1131,74o,4♠,7♣,36.2000,58.0333,5.7667,1086,1741,173,3000
1132,74o,7♠,4♣,36.2000,58.4333,5.3667,1086,1753,161,3000
1133,84o,4♠,8♥,36.1333,59.0000,4.8667,1084,1770,146,3000
1134,72s,2♠,7♠,36.1000,57.7333,6.1667,1083,1732,185,3000
1135,84o,8♠,4♣,36.1000,58.3667,5.5333,1083,1751,166,3000
1136,54o,4♥,5♦,36.0667,58.0000,5.9333,1082,1740,178,3000
1137,73s,3♦,7♦,36.0667,58.7333,5.2000,1082,1762,156,3000
1138,43s,3♥,4♥,36.0333,58.6667,5.3000,1081,1760,159,3000
1139,63s,3♦,6♦,36.0333,58.0333,5.9333,1081,1741,178,3000
1140,82o,2♥,8♣,36.0000,58.5333,5.4667,1080,1756,164,3000
1141,75o,7♥,5♣,36.0000,57.7000,6.3000,1080,1731,189,3000
1142,54o,4♠,5♦,35.9667,58.3333,5.7000,1079,1750,171,3000
1143,73s,3♣,7♣,35.9333,58.5667,5.5000,1078,1757,165,3000
1144,65o,5♥,6♣,35.8667,58.7667,5.3667,1076,1763,161,3000
1145,62s,2♥,6♥,35.8000,58.2667,5.9333,1074,1748,178,3000
1146,74o,7♥,4♦,35.8000,58.7333,5.4667,1074,1762,164,3000
1147,74o,4♦,7♣,35.8000,58.5333,5.6667,1074,1756,170,3000
1148,52s,2♠,5♠,35.7667,58.4333,5.8000,1073,1753,174,3000
1149,92o,2♥,9♦,35.7667,58.9667,5.2667,1073,1769,158,3000
1150,84o,4♥,8♣,35.7667,58.5333,5.7000,1073,1756,171,3000
1151,62s,2♣,6♣,35.7000,58.5000,5.8000,1071,1755,174,3000
1152,72s,2♥,7♥,35.6333,59.7333,4.6333,1069,1792,139,3000
1153,62s,2♦,6♦,35.6333,58.8333,5.5333,1069,1765,166,3000
1154,54o,4♥,5♣,35.6000,58.1667,6.2333,1068,1745,187,3000
1155,83o,8♠,3♦,35.5667,58.8000,5.6333,1067,1764,169,3000
1156,74o,4♠,7♦,35.5333,58.7667,5.7000,1066,1763,171,3000
1157,83o,8♠,3♣,35.4667,58.9667,5.5667,1064,1769,167,3000
1158,63s,3♥,6♥,35.4333,58.3000,6.2667,1063,1749,188,3000
1159,64o,4♥,6♦,35.4333,58.6667,5.9000,1063,1760,177,3000
1160,92o,9♦,2♣,35.4333,58.9333,5.6333,1063,1768,169,3000
1161,82o,2♦,8♣,35.4000,58.3667,6.2333,1062,1751,187,3000
1162,74o,7♥,4♣,35.3667,58.2000,6.4333,1061,1746,193,3000
1163,72s,2♦,7♦,35.3667,58.4000,6.2333,1061,1752,187,3000
1164,92o,9♠,2♥,35.3000,59.4667,5.2333,1059,1784,157,3000
1165,53s,3♥,5♥,35.3000,58.5333,6.1667,1059,1756,185,3000
1166,92o,9♥,2♣,35.3000,60.0667,4.6333,1059,1802,139,3000
1167,82o,8♠,2♥,35.2333,59.2667,5.5000,1057,1778,165,3000
1168,73o,3♥,7♦,35.2333,59.1000,5.6667,1057,1773,170,3000
1169,64o,4♥,6♣,35.2333,57.9667,6.8000,1057,1739,204,3000
1170,73o,3♠,7♣,35.1000,59.2333,5.6667,1053,1777,170,3000
1171,54o,5♠,4♦,35.0667,58.8333,6.1000,1052,1765,183,3000
1172,42s,2♥,4♥,35.0667,59.0333,5.9000,1052,1771,177,3000
1173,52s,2♦,5♦,35.0667,58.9000,6.0333,1052,1767,181,3000
1174,64o,4♦,6♣,35.0667,59.5667,5.3667,1052,1787,161,3000
1175,83o,8♥,3♣,35.0333,59.5667,5.4000,1051,1787,162,3000
1176,83o,3♠,8♣,35.0000,59.6000,5.4000,1050,1788,162,3000
1177,82o,2♠,8♥,34.9667,59.1667,5.8667,1049,1775,176,3000
1178,83o,3♦,8♣,34.9667,58.8667,6.1667,1049,1766,185,3000
1179,82o,2♥,8♦,34.9000,59.7667,5.3333,1047,1793,160,3000
1180,54o,5♦,4♣,34.9000,58.6333,6.4667,1047,1759,194,3000
1181,74o,7♦,4♣,34.9000,58.6000,6.5000,1047,1758,195,3000
1182,64o,6♦,4♣,34.8667,59.2667,5.8667,1046,1778,176,3000
1183,63o,3♠,6♥,34.7667,59.2000,6.0333,1043,1776,181,3000
1184,53o,5♠,3♥,34.7000,58.5333,6.7667,1041,1756,203,3000
1185,53o,5♦,3♣,34.7000,59.8333,5.4667,1041,1795,164,3000
1186,83o,3♠,8♦,34.6667,59.5000,5.8333,1040,1785,175,3000
1187,73o,7♦,3♣,34.6667,60.1000,5.2333,1040,1803,157,3000
1188,73o,3♠,7♥,34.6333,59.9333,5.4333,1039,1798,163,3000
1189,74o,7♠,4♦,34.5667,60.0667,5.3667,1037,1802,161,3000
1190,64o,4♠,6♣,34.5000,58.6333,6.8667,1035,1759,206,3000
1191,54o,5♥,4♦,34.5000,59.0000,6.5000,1035,1770,195,3000
1192,43s,3♣,4♣,34.5000,59.9000,5.6000,1035,1797,168,3000
1193,54o,4♦,5♣,34.4667,59.5000,6.0333,1034,1785,181,3000
1194,54o,4♠,5♥,34.4333,58.2000,7.3667,1033,1746,221,3000
1195,54o,5♠,4♣,34.4000,59.9333,5.6667,1032,1798,170,3000
1196,73o,7♥,3♣,34.3333,60.2333,5.4333,1030,1807,163,3000
1197,42s,2♠,4♠,34.2667,59.8667,5.8667,1028,1796,176,3000
1198,54o,4♠,5♣,34.2667,58.9000,6.8333,1028,1767,205,3000
1199,83o,3♥,8♣,34.2333,58.9667,6.8000,1027,1769,204,3000
1200,62s,2♠,6♠,34.1667,60.0000,5.8333,1025,1800,175,3000
1201,73o,3♠,7♦,34.1667,59.9000,5.9333,1025,1797,178,3000
1202,73o,7♠,3♥,34.1000,59.6667,6.2333,1023,1790,187,3000
1203,82o,8♥,2♦,34.1000,60.8000,5.1000,1023,1824,153,3000
1204,82o,2♠,8♦,34.0333,59.8333,6.1333,1021,1795,184,3000
1205,52s,2♥,5♥,34.0333,59.8333,6.1333,1021,1795,184,3000
1206,43o,4♠,3♥,34.0000,60.3667,5.6333,1020,1811,169,3000
1207,64o,4♠,6♥,34.0000,60.2333,5.7667,1020,1807,173,3000
1208,53o,3♠,5♥,33.9667,60.3333,5.7000,1019,1810,171,3000
1209,53o,5♠,3♦,33.9333,59.3667,6.7000,1018,1781,201,3000
1210,74o,7♠,4♥,33.8667,60.6000,5.5333,1016,1818,166,3000
1211,82o,8♠,2♦,33.8000,60.1333,6.0667,1014,1804,182,3000
1212,82o,8♦,2♣,33.8000,60.4667,5.7333,1014,1814,172,3000
1213,83o,3♠,8♥,33.7667,61.2000,5.0333,1013,1836,151,3000
1214,64o,4♠,6♦,33.7667,60.5000,5.7333,1013,1815,172,3000
1215,54o,5♠,4♥,33.7667,60.3667,5.8667,1013,1811,176,3000
1216,64o,6♠,4♣,33.7667,60.5333,5.7000,1013,1816,171,3000
1217,64o,6♥,4♣,33.7333,59.9333,6.3333,1012,1798,190,3000
1218,82o,2♠,8♣,33.7000,61.0000,5.3000,1011,1830,159,3000
1219,83o,8♦,3♣,33.7000,60.8667,5.4333,1011,1826,163,3000
1220,64o,6♠,4♥,33.6667,60.0333,6.3000,1010,1801,189,3000
1221,32s,2♥,3♥,33.6667,60.6667,5.6667,1010,1820,170,3000
1222,42s,2♦,4♦,33.6333,60.2333,6.1333,1009,1807,184,3000
1223,83o,3♥,8♦,33.5333,60.9667,5.5000,1006,1829,165,3000
1224,63o,6♥,3♣,33.5333,60.2333,6.2333,1006,1807,187,3000
1225,32s,2♠,3♠,33.5000,60.5667,5.9333,1005,1817,178,3000
1226,53o,3♠,5♦,33.4667,60.1000,6.4333,1004,1803,193,3000
1227,53o,5♥,3♦,33.4667,60.3667,6.1667,1004,1811,185,3000
1228,54o,5♥,4♣,33.4667,60.0333,6.5000,1004,1801,195,3000
1229,32s,2♦,3♦,33.4667,61.0000,5.5333,1004,1830,166,3000
1230,82o,8♠,2♣,33.4333,61.5000,5.0667,1003,1845,152,3000
1231,82o,8♥,2♣,33.4000,61.6333,4.9667,1002,1849,149,3000
1232,63o,3♠,6♣,33.3333,60.3667,6.3000,1000,1811,189,3000
1233,72o,2♠,7♣,33.3000,61.2667,5.4333,999,1838,163,3000
1234,63o,6♠,3♣,33.2667,61.1333,5.6000,998,1834,168,3000
1235,43o,4♥,3♣,33.2667,60.1333,6.6000,998,1804,198,3000
1236,73o,3♦,7♣,33.2333,61.2333,5.5333,997,1837,166,3000
1237,43o,3♠,4♦,33.1667,60.5000,6.3333,995,1815,190,3000
1238,43o,4♠,3♦,33.1333,59.7333,7.1333,994,1792,214,3000
1239,72o,7♠,2♣,33.1000,60.4667,6.4333,993,1814,193,3000
1240,73o,7♠,3♣,33.1000,60.4333,6.4667,993,1813,194,3000
1241,32s,2♣,3♣,33.0333,61.0333,5.9333,991,1831,178,3000
1242,63o,6♠,3♦,33.0000,60.4333,6.5667,990,1813,197,3000
1243,83o,8♠,3♥,33.0000,60.9333,6.0667,990,1828,182,3000
1244,63o,3♥,6♦,32.8667,61.6333,5.5000,986,1849,165,3000
1245,73o,3♥,7♣,32.8333,61.4667,5.7000,985,1844,171,3000
1246,73o,7♥,3♦,32.8000,61.5000,5.7000,984,1845,171,3000
1247,63o,6♥,3♦,32.7667,61.1000,6.1333,983,1833,184,3000
1248,43o,3♠,4♥,32.7333,61.1667,6.1000,982,1835,183,3000
1249,53o,5♥,3♣,32.7000,62.0333,5.2667,981,1861,158,3000
1250,53o,3♥,5♣,32.6667,60.9333,6.4000,980,1828,192,3000
1251,53o,5♠,3♣,32.6000,61.2333,6.1667,978,1837,185,3000
1252,63o,6♠,3♥,32.6000,61.2000,6.2000,978,1836,186,3000
1253,73o,7♠,3♦,32.5667,61.6333,5.8000,977,1849,174,3000
1254,43o,3♠,4♣,32.5000,61.9667,5.5333,975,1859,166,3000
1255,63o,3♥,6♣,32.5000,61.6000,5.9000,975,1848,177,3000
1256,62o,6♥,2♣,32.4667,62.5000,5.0333,974,1875,151,3000
1257,72o,2♠,7♦,32.4333,61.8000,5.7667,973,1854,173,3000
1258,63o,3♠,6♦,32.4333,61.7333,5.8333,973,1852,175,3000
1259,52o,5♠,2♦,32.4333,60.8000,6.7667,973,1824,203,3000
1260,53o,3♦,5♣,32.4333,61.1333,6.4333,973,1834,193,3000
1261,52o,2♠,5♥,32.4000,61.3333,6.2667,972,1840,188,3000
1262,62o,2♦,6♣,32.3667,62.1000,5.5333,971,1863,166,3000
1263,43o,3♥,4♦,32.3333,62.1667,5.5000,970,1865,165,3000
1264,43o,4♦,3♣,32.3333,62.0000,5.6667,970,1860,170,3000
1265,43o,4♠,3♣,32.2667,62.1000,5.6333,968,1863,169,3000
1266,52o,5♦,2♣,32.2667,61.1333,6.6000,968,1834,198,3000
1267,53o,3♠,5♣,32.2000,61.2000,6.6000,966,1836,198,3000
1268,62o,2♥,6♣,32.1333,62.1667,5.7000,964,1865,171,3000
1269,43o,4♥,3♦,32.1333,61.2667,6.6000,964,1838,198,3000
1270,63o,3♦,6♣,32.1333,61.3000,6.5667,964,1839,197,3000
1271,42s,2♣,4♣,32.0333,61.9667,6.0000,961,1859,180,3000
1272,52o,2♠,5♣,32.0000,62.4667,5.5333,960,1874,166,3000
1273,63o,6♦,3♣,32.0000,61.4000,6.6000,960,1842,198,3000
1274,62o,2♠,6♣,31.8000,62.3333,5.8667,954,1870,176,3000
1275,72o,7♥,2♣,31.7667,62.3000,5.9333,953,1869,178,3000
1276,52o,2♠,5♦,31.7333,61.7333,6.5333,952,1852,196,3000
1277,72o,2♦,7♣,31.6333,62.9667,5.4000,949,1889,162,3000
1278,53o,3♥,5♦,31.5667,62.9667,5.4667,947,1889,164,3000
1279,72o,7♦,2♣,31.5667,62.6333,5.8000,947,1879,174,3000
1280,72o,2♥,7♣,31.5000,62.5000,6.0000,945,1875,180,3000
1281,62o,2♠,6♦,31.4333,62.6667,5.9000,943,1880,177,3000
1282,43o,3♥,4♣,31.4333,62.5000,6.0667,943,1875,182,3000
1283,52o,5♥,2♣,31.4333,62.7667,5.8000,943,1883,174,3000
1284,62o,6♠,2♥,31.4000,62.1000,6.5000,942,1863,195,3000
1285,62o,6♠,2♣,31.4000,62.9333,5.6667,942,1888,170,3000
1286,62o,2♥,6♦,31.3667,63.0000,5.6333,941,1890,169,3000
1287,62o,2♠,6♥,31.3333,62.6667,6.0000,940,1880,180,3000
1288,42o,4♦,2♣,31.3333,63.0333,5.6333,940,1891,169,3000
1289,72o,2♥,7♦,31.2333,63.1333,5.6333,937,1894,169,3000
1290,72o,7♠,2♦,31.1667,63.6333,5.2000,935,1909,156,3000
1291,62o,6♦,2♣,31.1667,63.5000,5.3333,935,1905,160,3000
1292,52o,5♠,2♣,31.1333,63.3333,5.5333,934,1900,166,3000
1293,52o,2♥,5♣,31.1333,62.8667,6.0000,934,1886,180,3000
1294,42o,4♠,2♥,31.1000,62.8667,6.0333,933,1886,181,3000
1295,62o,6♠,2♦,31.1000,63.5000,5.4000,933,1905,162,3000
1296,72o,2♠,7♥,30.9333,63.5667,5.5000,928,1907,165,3000
1297,62o,6♥,2♦,30.8333,63.1667,6.0000,925,1895,180,3000
1298,42o,2♥,4♣,30.8000,62.9000,6.3000,924,1887,189,3000
1299,72o,7♠,2♥,30.7333,63.1333,6.1333,922,1894,184,3000
1300,42o,2♠,4♣,30.6333,63.4000,5.9667,919,1902,179,3000
1301,42o,4♠,2♣,30.5667,63.0667,6.3667,917,1892,191,3000
1302,42o,4♥,2♣,30.4667,63.3667,6.1667,914,1901,185,3000
1303,52o,5♠,2♥,30.4000,63.1333,6.4667,912,1894,194,3000
1304,52o,2♦,5♣,30.2667,62.6000,7.1333,908,1878,214,3000
1305,32o,3♠,2♦,30.1333,63.8000,6.0667,904,1914,182,3000
1306,52o,2♥,5♦,30.1000,63.6333,6.2667,903,1909,188,3000
1307,43o,3♦,4♣,30.1000,63.2667,6.6333,903,1898,199,3000
1308,32o,2♥,3♦,29.9333,63.8333,6.2333,898,1915,187,3000
1309,72o,7♥,2♦,29.9000,63.9333,6.1667,897,1918,185,3000
1310,32o,3♠,2♥,29.7333,63.8667,6.4000,892,1916,192,3000
1311,42o,2♥,4♦,29.6333,64.6333,5.7333,889,1939,172,3000
1312,52o,5♥,2♦,29.6333,63.7667,6.6000,889,1913,198,3000
1313,32o,3♥,2♦,29.5667,63.8000,6.6333,887,1914,199,3000
1314,42o,4♠,2♦,29.5333,64.3000,6.1667,886,1929,185,3000
1315,32o,2♠,3♣,29.4667,64.2333,6.3000,884,1927,189,3000
1316,32o,2♠,3♥,29.4000,64.3000,6.3000,882,1929,189,3000
1317,32o,3♥,2♣,29.2667,64.2667,6.4667,878,1928,194,3000
1318,42o,2♦,4♣,29.2333,64.7000,6.0667,877,1941,182,3000
1319,32o,3♠,2♣,29.1333,64.9667,5.9000,874,1949,177,3000
1320,42o,2♠,4♦,29.1000,64.4667,6.4333,873,1934,193,3000
1321,32o,2♦,3♣,28.8667,64.3667,6.7667,866,1931,203,3000
1322,42o,4♥,2♦,28.7000,65.8000,5.5000,861,1974,165,3000
1323,32o,3♦,2♣,28.4667,64.3000,7.2333,854,1929,217,3000
1324,32o,2♠,3♦,28.2667,66.3333,5.4000,848,1990,162,3000
1325,42o,2♠,4♥,28.1000,65.8667,6.0333,843,1976,181,3000
1326,32o,2♥,3♣,27.5667,66.9333,5.5000,827,2008,165,3000
